Municipio,Latitude,Longitude,Tier_Pareto,Regiao,Indice_Retorno_Esforco_IRE,Vetor_Alocacao_Esforco,Eleitorado_Total,Votos_22_1T,Percentual_22,Votos_13_1T,Percentual_13,Terceira_Via_Disponivel,Abstencao_1T,Percentual_Abstencao,Potencial_Novos_Votos_2T,Faixa_Etaria_Predominante,Classe_Social_Predominante,Escolaridade_Predominante,Estrategia_Prioritaria,Nivel_Prioridade,Estrategista
Salvador,-12.9777,-38.5016,Tier 1 - Megapolo Metropolitano,Metropolitana de Salvador,100.0,"Esforço Máximo: Presença Direta de Flávio, Comícios Centrais e Operação Dia D",1955479,391188,27.03%,944358,65.26%,111468,393886,20.14%,142684,21-34 anos (Juventude Ativa),Classe C e Enclaves A/B (Orla),Médio Completo / Superior,"Mobilização de Classe Média (Orla), Caravanas Bahia Segura e Operação Transporte Anti-Abstenção",Crítica / Máxima,Neville (rodvillex@gmail.com)
Feira de Santana,-12.2664,-38.9663,Tier 1 - Megapolo do Interior,Portal do Sertão,85.1,"Esforço Máximo: Presença Direta de Flávio, Comícios Centrais e Operação Dia D",435631,121727,35.80%,194272,57.13%,24032,74984,17.21%,29272,25-49 anos (Comerciários),Classe C e Pequenos Negócios,Médio e Técnico Comercial,"Micro-Targeting Evangélico, Articulação com Comércio/Logística e Aliança com Lideranças Locais",Crítica / Máxima,Neville (rodvillex@gmail.com)
Lauro de Freitas,-12.8944,-38.3272,Tier 1 - Enclave Metropolitano,Metropolitana de Salvador,75.1,"Esforço Alto: Caravanas de Lideranças Nacionais, Rádio Diária e Micro-Targeting",163871,39471,33.07%,70481,59.06%,9393,37542,22.91%,12676,25-50 anos (Famílias Jovens),Classes A e B (Vilas do Atlântico),Superior Completo / Pós,Vilas do Atlântico / Buraquinho: Mobilização Anti-Abstenção e Pauta Segurança na Orla,Alta,Neville (rodvillex@gmail.com)
Luis Eduardo Magalhaes,-12.0969,-45.7958,Tier 1 - Cidadela do Agronegócio,Extremo Oeste Baiano,73.6,"Esforço Alto: Caravanas de Lideranças Nacionais, Rádio Diária e Micro-Targeting",68000,31200,68.40%,13100,28.70%,3200,12500,18.38%,4275,25-45 anos (Produtores e Jovens),Classes A e B de Altíssima Renda,Superior (Agronomia) / Técnico,Cidadela Conservadora: Maximizar Comparecimento (>90%) e Arrecadação de Votos Excedentes,Crítica / Máxima,Neville (rodvillex@gmail.com)
Ilheus,-14.7937,-39.0463,Tier 1 - Polo Litoral Sul,Litoral Sul / Cacaueira,71.2,"Esforço Alto: Caravanas de Lideranças Nacionais, Rádio Diária e Micro-Targeting",141524,47182,42.94%,55379,50.40%,7315,26518,18.74%,9464,30-60 anos (Turismo/Serviços),Classe Média e Produtores Cacau,Médio e Superior (UESC),"Porto Sul, FIOL, Agronegócio do Cacau e Turismo. Competição direta voto a voto",Crítica / Máxima,Neville (rodvillex@gmail.com)
Camacari,-12.6975,-38.3242,Tier 2 - Cinturão Industrial,Metropolitana de Salvador,68.9,"Esforço Alto: Caravanas de Lideranças Nacionais, Rádio Diária e Micro-Targeting",205000,54800,32.10%,108000,63.20%,8900,46000,22.40%,13575,20-40 anos (Operários/Técnicos),Classe C Industrial e Periferia,Médio e Profissionalizante,"Polo Industrial, Reindustrialização, Emprego Jovem e Combate à Violência Urbana",Alta,Neville (rodvillex@gmail.com)
Barreiras,-12.1449,-44.9961,Tier 1 - Capital do Oeste,Bacia do Rio Grande (Oeste),68.9,"Esforço Alto: Caravanas de Lideranças Nacionais, Rádio Diária e Micro-Targeting",110000,37500,43.10%,44800,51.50%,5800,21000,19.09%,7500,30-55 anos (Profissionais Agro),Classes A/B Agro e C Comercial,Superior e Técnico Agrícola,Virada no Oeste: Conversão Total da 3ª Via e Mobilização com Prefeitos da Região,Crítica / Máxima,Neville (rodvillex@gmail.com)
Vitoria da Conquista,-14.8661,-40.8394,Tier 1 - Megapolo do Sudoeste,Sudoeste Baiano,68.5,"Esforço Alto: Caravanas de Lideranças Nacionais, Rádio Diária e Micro-Targeting",257000,62500,29.80%,138000,65.80%,11200,54000,21.00%,16500,30-55 anos (Maturidade/Serviços),Classe Média Urbana e Médicos,Superior e Médio Técnico,"Pacto de Segurança com Ronaldo Caiado, Setor de Saúde/Universitário e Mobilização Urbana",Alta,Neville (rodvillex@gmail.com)
Porto Seguro,-16.4498,-39.0647,Tier 2 - Polo Turístico / Extremo Sul,Costa do Descobrimento,68.3,"Esforço Alto: Caravanas de Lideranças Nacionais, Rádio Diária e Micro-Targeting",108000,34800,41.20%,44200,52.30%,6300,24000,22.22%,8325,20-45 anos (Turismo/Comércio),Classe B Hoteleira e D de Apoio,Médio e Técnico em Turismo,"Pauta de Ordem Pública, Apoio à Hotelaria e Pescadores, Diálogo com Trade Turístico",Alta,Neville (rodvillex@gmail.com)
Teixeira de Freitas,-17.5367,-39.7424,Tier 2 - Polo do Extremo Sul,Extremo Sul Baiano,65.3,"Esforço Alto: Caravanas de Lideranças Nacionais, Rádio Diária e Micro-Targeting",112000,35200,39.80%,48500,54.80%,5200,25500,22.77%,7725,25-50 anos (Comércio/Agro),Classe C e B (Integrado a ES/MG),Médio e Superior,"Sinergia com Espírito Santo e Minas Gerais, Agropecuária da Carne e Segurança",Alta,Neville (rodvillex@gmail.com)
Alagoinhas,-12.1356,-38.4192,Tier 3 - Polo Cervejeiro e Ferroviário,Litoral Norte / Agreste,62.8,Esforço Médio: Articulação com Prefeitos/Pastores e Mídia Digital Segmentada,115000,31200,34.10%,54800,60.00%,5300,25000,21.74%,7725,20-40 anos (Indústria/Bebidas),Classe C Industrial (Cervejeiro),Médio e Técnico Industrial,"Polo Industrial de Bebidas, Segurança no Interior e Diálogo com Juventude Operária",Média,Neville (rodvillex@gmail.com)
Itabuna,-14.7876,-39.2789,Tier 3 - Centro Regional Sul,Litoral Sul / Cacaueira,62.7,Esforço Médio: Articulação com Prefeitos/Pastores e Mídia Digital Segmentada,149000,38200,31.50%,77000,63.50%,6800,34000,22.80%,10200,25-50 anos (Comerciários/Saúde),Classe C e D (Bairros Populares),Médio e Superior Incompleto,"Saúde Regional, Apoio ao Comércio e Atração de Votos da Terceira Via",Média,Neville (rodvillex@gmail.com)
Simoes Filho,-12.7878,-38.4033,Tier 3 - Cinturão Logístico RMS,Metropolitana de Salvador,61.5,Esforço Médio: Articulação com Prefeitos/Pastores e Mídia Digital Segmentada,98000,27400,33.80%,49200,60.70%,4500,20000,20.41%,6375,18-40 anos (Logística/CIA),Classe D e C (Distrito Industrial),Médio e Profissionalizante,"Segurança Pública Urgente (Área Crítica), Redes Evangélicas e Polo Logístico do CIA",Alta,Neville (rodvillex@gmail.com)
Jequie,-13.8578,-40.0833,Tier 3 - Centro Regional Sudoeste,Médio Rio de Contas,61.4,Esforço Médio: Articulação com Prefeitos/Pastores e Mídia Digital Segmentada,118000,32800,35.60%,54500,59.20%,4800,27000,22.88%,7650,30-60 anos (Famílias/Comércio),Classe C e D (Agropecuária),Médio Completo,"Entroncamento Ferroviário da FIOL, Base Evangélica e Alianças com Deputados Locais",Média,Neville (rodvillex@gmail.com)
Santo Antonio de Jesus,-12.9692,-39.2611,Tier 3 - Capital do Recôncavo,Recôncavo Sul,60.5,Esforço Médio: Articulação com Prefeitos/Pastores e Mídia Digital Segmentada,82000,24800,38.50%,36100,56.10%,3500,17600,21.46%,5265,25-50 anos (Comércio Produtivo),Classe C e B (Varejo Recôncavo),Médio e Superior,"Articulação com Comércio Varejista, Ponte Salvador-Itaparica e Líderes Cristãos",Alta,Neville (rodvillex@gmail.com)
Juazeiro,-9.4132,-40.5036,Tier 2 - Polo do São Francisco,Vale do São Francisco,60.1,Esforço Médio: Articulação com Prefeitos/Pastores e Mídia Digital Segmentada,158000,36500,28.50%,86000,67.10%,6200,35000,22.15%,9900,20-45 anos (Trabalhadores Rurais),Classe C Irrigada e D Vulnerável,Fundamental e Médio,"Sinergia com Petrolina (PE), Fruticultura Irrigada, Transposição e Obras Federais",Alta,Neville (rodvillex@gmail.com)
Eunapolis,-16.3778,-39.5847,Tier 3 - Polo da Celulose,Costa do Descobrimento,58.2,Esforço Médio: Articulação com Prefeitos/Pastores e Mídia Digital Segmentada,86000,25100,37.20%,38700,57.30%,3700,18500,21.51%,5550,25-50 anos (Operários/Florestal),Classe C e Transporte de Madeira,Médio e Técnico Florestal,"Complexo da Celulose (Veracel), Produtores de Eucalipto e Pauta de Segurança Rural",Média,Neville (rodvillex@gmail.com)
Brumado,-14.2036,-41.6653,Tier 4 - Polo Mineral do Sertão,Sertão Produtivo,57.3,Esforço Médio: Articulação com Prefeitos/Pastores e Mídia Digital Segmentada,54000,19400,44.80%,21500,49.70%,2400,10700,19.81%,3405,25-55 anos (Mineração/FIOL),Classe C e B (Magnesita/FIOL),Médio e Técnico Mineração,"Virada Simbólica: Empate Técnico, Infraestrutura Mineral da FIOL e Força Conservadora",Alta,Neville (rodvillex@gmail.com)
Candeias,-12.6711,-38.5447,Tier 4 - Polo Portuário de Aratu,Metropolitana de Salvador,55.1,Esforço Médio: Articulação com Prefeitos/Pastores e Mídia Digital Segmentada,65000,18200,33.50%,32900,60.50%,3300,12800,19.69%,4395,20-55 anos (Petroquímica/Porto),Classe C e D (Porto de Aratu),Médio e Técnico Petróleo,"Petróleo e Gás Privado (Acelen/Refinaria Mataripe), Reativação de Empregos Portuários",Média,Neville (rodvillex@gmail.com)
Cruz das Almas,-12.6744,-39.1053,Tier 4 - Polo Universitário Agronômico,Recôncavo Norte,53.2,Esforço Médio: Articulação com Prefeitos/Pastores e Mídia Digital Segmentada,49000,15400,38.90%,21900,55.30%,2300,9400,19.18%,3135,18-35 anos (Universitários/UFRB),Classe C Universitária e B Rural,Superior / Pesquisadores,"Diálogo com Embrapa, Pesquisa em Agronomia e Liberdade Acadêmica Universitária",Média,Neville (rodvillex@gmail.com)
Guanambi,-14.2231,-42.7814,Tier 4 - Polo de Energia Eólica,Alto Sertão,52.5,Esforço Médio: Articulação com Prefeitos/Pastores e Mídia Digital Segmentada,63000,17800,36.20%,28900,58.70%,2500,13800,21.90%,3945,20-45 anos (Energia/Educação),Classe C e B (Algodão e Eólica),Superior e Técnico Eólica,"Parques Eólicos, Irrigação de Ceraíma e Mobilização Médica/Universitária",Média,Neville (rodvillex@gmail.com)
Valenca,-13.3703,-39.0731,Tier 4 - Polo do Baixo Sul,Baixo Sul / Costa do Dendê,50.6,Esforço Focado: Mobilização Orgânica de WhatsApp e Rádio Regional,67000,17200,32.80%,32800,62.60%,2400,14600,21.79%,3990,25-55 anos (Pescadores/Turismo),Classe C e D (Apoio a Morro SP),Médio e Fundamental,"Porta de Entrada de Morro de São Paulo, Pescadores Artesanais e Segurança Marítima",Média,Neville (rodvillex@gmail.com)
Paulo Afonso,-9.4069,-38.2147,Tier 4 - Polo Hidrelétrico do Sertão,Itaparica / São Francisco,50.6,Esforço Focado: Mobilização Orgânica de WhatsApp e Rádio Regional,82000,20800,30.50%,44500,65.20%,2900,15800,19.27%,4545,30-60 anos (Eletricitários/Militar),Classe C e B (CHESF e Exército),Médio Técnico e Superior,"Defesa dos Servidores da CHESF, Base Militar da 1ª Cia de Infantaria e Turismo das Usinas",Média,Neville (rodvillex@gmail.com)
Irecê,-11.3042,-41.8558,Tier 4 - Polo Irrigado da Chapada,Planalto de Irecê,48.8,Esforço Focado: Mobilização Orgânica de WhatsApp e Rádio Regional,52000,14500,34.20%,25800,60.80%,2100,10600,20.38%,3165,25-50 anos (Produtores Hortifrúti),Classe C e B (Irrigação de Feijão),Médio e Técnico Agrícola,"Polo Hortifrutigranjeiro, Crédito Rural ao Pequeno Produtor e Parcerias Locais",Focada,Neville (rodvillex@gmail.com)
Senhor do Bonfim,-10.4611,-40.1894,Tier 4 - Polo Ferroviário do Norte,Piemonte do Norte do Itapicuru,45.0,Esforço Focado: Mobilização Orgânica de WhatsApp e Rádio Regional,56000,14200,31.80%,28400,63.70%,2000,11400,20.36%,3210,25-50 anos (Comércio/Rural),Classe C e D (Comércio Regional),Ensino Médio,"Capital Baiana do Forró, Conectividade Ferroviária e Redes de Comércio Local",Focada,Neville (rodvillex@gmail.com)
