NR_ZONA,NR_SECAO,NR_LOCAL_VOTACAO,NM_LOCAL_VOTACAO,MODELO_URNA,TOTAL_ELEITORES,TOTAL_VOTOS,VOTOS_LULA,PCT_LULA,VOTOS_BOLSONARO,PCT_BOLSONARO,VOTOS_OUTROS,PCT_OUTROS,PCT_FEM,PCT_MASC,PCT_SOLTEIROS,PCT_CASADOS,PCT_DIVORCIADOS,PCT_VIUVOS,PCT_SEPARADOS,PCT_DIV_SEP_VIUVO,PCT_SUPERIOR,PCT_BAIXA_ESCOLARIDADE,PCT_JOVENS_16_24,PCT_ADULTOS_25_39,PCT_ADULTOS_40_59,PCT_IDOSOS_60_MAIS,PCT_BIOMETRIA
7,1,1015,COLÉGIO DA BAHIA (CENTRAL),UE2020,308.0,253,158,62.45,73,28.85,22,8.7,52.92,47.08,70.13,21.1,4.55,2.27,1.95,8.77,32.79,1.62,5.52,21.43,38.64,34.42,97.4
7,2,1015,COLÉGIO DA BAHIA (CENTRAL),UE2020,312.0,260,164,63.08,70,26.92,26,10.0,54.17,45.83,70.83,18.91,6.73,2.88,0.64,10.26,34.62,1.92,5.45,29.17,33.65,31.73,95.19
7,3,1015,COLÉGIO DA BAHIA (CENTRAL),UE2020,307.0,244,145,59.43,67,27.46,32,13.11,51.47,48.53,66.12,22.8,7.49,2.93,0.65,11.07,36.16,1.63,8.14,25.73,35.83,30.29,96.42
7,4,1015,COLÉGIO DA BAHIA (CENTRAL),UE2020,308.0,244,156,63.93,74,30.33,14,5.74,52.6,47.4,71.43,17.53,6.49,3.9,0.65,11.04,37.99,1.95,9.42,23.7,38.31,28.57,96.43
7,5,1015,COLÉGIO DA BAHIA (CENTRAL),UE2020,311.0,256,155,60.55,73,28.52,28,10.94,54.98,45.02,69.77,22.19,5.47,1.93,0.64,8.04,32.15,3.22,5.79,21.22,42.44,30.55,97.11
7,6,1015,COLÉGIO DA BAHIA (CENTRAL),UE2020,311.0,213,137,64.32,59,27.7,17,7.98,55.63,44.37,69.45,18.33,4.5,5.47,2.25,12.22,27.65,4.82,22.19,20.9,15.76,41.16,70.1
7,7,1015,COLÉGIO DA BAHIA (CENTRAL),UE2020,310.0,253,156,61.66,57,22.53,40,15.81,57.1,42.9,71.29,21.94,4.19,2.58,0.0,6.77,38.39,1.61,3.87,27.74,34.52,33.87,96.77
7,8,1015,COLÉGIO DA BAHIA (CENTRAL),UE2020,308.0,229,142,62.01,58,25.33,29,12.66,50.97,49.03,68.83,21.75,6.49,1.62,1.3,9.42,36.36,1.3,6.17,26.95,39.29,27.6,96.43
7,9,1015,COLÉGIO DA BAHIA (CENTRAL),UE2020,309.0,242,143,59.09,56,23.14,43,17.77,51.78,48.22,73.46,19.09,4.85,2.27,0.32,7.44,29.77,2.91,8.09,23.62,35.6,32.69,95.47
7,10,1376,CENTRO ESTADUAL DE EDUCAÇÃO PROFISSIONAL EM GESTÃO SEVERINO VIEIRA,UE2020,373.0,304,177,58.22,91,29.93,36,11.84,46.92,53.08,63.81,27.08,6.97,1.61,0.54,9.12,47.72,1.34,4.56,20.64,40.21,34.58,100.0
7,12,1376,CENTRO ESTADUAL DE EDUCAÇÃO PROFISSIONAL EM GESTÃO SEVERINO VIEIRA,UE2020,371.0,299,171,57.19,90,30.1,38,12.71,54.99,45.01,64.69,27.76,3.77,2.7,1.08,7.55,51.48,1.08,4.04,21.83,40.16,33.96,99.73
7,14,1082,ESCOLA TEIXEIRA DE FREITAS,UE2020,339.0,289,185,64.01,73,25.26,31,10.73,57.82,42.18,64.31,24.19,7.96,2.95,0.59,11.5,36.28,1.77,5.31,23.89,40.71,30.09,98.23
7,16,1015,COLÉGIO DA BAHIA (CENTRAL),UE2020,312.0,220,148,67.27,43,19.55,29,13.18,58.97,41.03,72.12,17.63,4.17,5.13,0.96,10.26,30.45,4.49,25.64,22.12,13.14,39.1,69.55
7,17,1015,COLÉGIO DA BAHIA (CENTRAL),UE2020,310.0,341,235,68.91,65,19.06,41,12.02,61.61,38.39,64.52,23.55,6.45,4.52,0.97,11.94,36.77,0.32,6.13,20.0,37.1,36.77,97.1
7,18,1015,COLÉGIO DA BAHIA (CENTRAL),UE2020,310.0,238,157,65.97,56,23.53,25,10.5,53.23,46.77,71.61,18.39,5.16,3.23,1.61,10.0,34.52,2.58,5.81,23.87,40.65,29.68,97.42
7,19,1015,COLÉGIO DA BAHIA (CENTRAL),UE2020,306.0,337,236,70.03,67,19.88,34,10.09,55.56,44.44,65.69,22.88,6.54,4.25,0.65,11.44,35.29,1.96,7.19,19.28,33.33,40.2,97.06
7,20,1015,COLÉGIO DA BAHIA (CENTRAL),UE2020,308.0,241,165,68.46,54,22.41,22,9.13,56.17,43.83,68.18,24.68,2.92,3.25,0.97,7.14,34.74,2.92,8.12,25.65,31.17,35.06,95.45
7,21,1015,COLÉGIO DA BAHIA (CENTRAL),UE2020,309.0,243,142,58.44,61,25.1,40,16.46,53.4,46.6,71.84,21.36,4.85,1.29,0.65,6.8,36.57,1.29,9.06,22.98,31.72,36.25,94.5
7,22,1015,COLÉGIO DA BAHIA (CENTRAL),UE2020,309.0,247,168,68.02,51,20.65,28,11.34,54.69,45.31,65.7,22.33,7.77,3.24,0.97,11.97,38.83,2.59,6.15,21.68,34.95,37.22,96.44
7,23,1082,ESCOLA TEIXEIRA DE FREITAS,UE2020,342.0,298,177,59.4,81,27.18,40,13.42,61.7,38.3,66.08,26.61,4.68,2.34,0.29,7.31,35.67,1.75,2.34,25.15,38.6,33.92,98.83
7,25,1082,ESCOLA TEIXEIRA DE FREITAS,UE2020,340.0,260,155,59.62,86,33.08,19,7.31,59.71,40.29,62.35,27.35,7.65,2.35,0.29,10.29,36.18,1.47,13.82,20.88,26.18,39.12,85.88
7,27,1082,ESCOLA TEIXEIRA DE FREITAS,UE2020,337.0,272,174,63.97,69,25.37,29,10.66,54.01,45.99,71.81,20.18,5.04,2.08,0.89,8.01,41.54,0.3,2.67,30.86,37.98,28.49,97.03
7,29,1082,ESCOLA TEIXEIRA DE FREITAS,UE2020,340.0,278,170,61.15,69,24.82,39,14.03,52.06,47.94,69.12,24.71,4.12,1.76,0.29,6.18,37.35,0.88,5.59,30.0,35.29,29.12,97.65
7,31,1082,ESCOLA TEIXEIRA DE FREITAS,UE2020,339.0,278,158,56.83,85,30.58,35,12.59,54.87,45.13,69.03,24.48,3.83,2.06,0.59,6.49,38.64,0.59,5.6,29.79,36.87,27.73,96.76
7,33,1015,COLÉGIO DA BAHIA (CENTRAL),UE2020,303.0,245,149,60.82,66,26.94,30,12.24,55.45,44.55,67.99,24.75,3.96,1.98,1.32,7.26,37.62,3.96,5.28,25.74,42.57,26.4,94.06
7,34,1015,COLÉGIO DA BAHIA (CENTRAL),UE2020,306.0,239,149,62.34,51,21.34,39,16.32,51.31,48.69,68.3,20.59,6.86,2.61,1.63,11.11,36.27,3.59,7.19,23.53,39.54,29.74,94.77
7,35,1015,COLÉGIO DA BAHIA (CENTRAL),UE2020,309.0,254,152,59.84,71,27.95,31,12.2,56.31,43.69,72.17,22.01,4.21,1.29,0.32,5.83,38.51,0.65,7.44,30.42,41.75,20.39,97.09
7,36,1015,COLÉGIO DA BAHIA (CENTRAL),UE2020,303.0,245,150,61.22,59,24.08,36,14.69,53.14,46.86,67.66,25.74,3.3,2.97,0.33,6.6,37.95,0.99,5.61,22.44,40.92,31.02,97.69
7,37,1015,COLÉGIO DA BAHIA (CENTRAL),UE2020,308.0,246,151,61.38,69,28.05,26,10.57,57.79,42.21,69.48,20.13,4.87,4.22,1.3,10.39,43.18,2.6,4.22,26.62,38.96,30.19,97.73
7,59,1252,FUNDAÇÃO VISCONDE DE CAYRU,UE2020,357.0,299,184,61.54,74,24.75,41,13.71,56.02,43.98,68.63,23.53,4.48,2.52,0.84,7.84,44.54,0.56,3.64,31.37,38.94,26.05,97.48
7,66,1252,FUNDAÇÃO VISCONDE DE CAYRU,UE2020,361.0,293,177,60.41,84,28.67,32,10.92,54.29,45.71,66.2,23.82,6.09,3.05,0.83,9.97,43.77,1.11,5.54,20.78,37.67,36.01,95.84
7,68,1252,FUNDAÇÃO VISCONDE DE CAYRU,UE2020,359.0,327,197,60.24,97,29.66,33,10.09,57.1,42.9,60.45,29.25,6.13,2.51,1.67,10.31,44.29,1.67,6.13,20.06,33.43,40.39,96.38
7,70,1252,FUNDAÇÃO VISCONDE DE CAYRU,UE2020,361.0,307,191,62.21,82,26.71,34,11.07,52.08,47.92,67.31,23.82,4.71,2.77,1.39,8.86,44.88,1.66,4.16,17.45,43.49,34.9,97.51
7,72,1252,FUNDAÇÃO VISCONDE DE CAYRU,UE2020,360.0,306,188,61.44,85,27.78,33,10.78,54.44,45.56,61.67,28.89,5.56,2.78,1.11,9.44,46.94,0.56,4.17,21.11,39.72,35.0,96.67
7,74,1252,FUNDAÇÃO VISCONDE DE CAYRU,UE2020,360.0,264,163,61.74,69,26.14,32,12.12,59.17,40.83,56.11,29.44,7.78,5.83,0.83,14.44,42.5,2.5,11.94,18.61,21.11,48.33,90.28
7,76,1252,FUNDAÇÃO VISCONDE DE CAYRU,UE2020,357.0,279,163,58.42,78,27.96,38,13.62,54.06,45.94,65.27,24.37,6.72,2.52,1.12,10.36,44.26,0.56,3.64,22.69,45.94,27.73,96.64
7,78,1252,FUNDAÇÃO VISCONDE DE CAYRU,UE2020,359.0,310,172,55.48,84,27.1,54,17.42,56.55,43.45,66.3,23.4,7.8,2.23,0.28,10.31,45.13,0.28,3.62,25.63,40.67,30.08,96.38
7,80,1252,FUNDAÇÃO VISCONDE DE CAYRU,UE2020,356.0,292,164,56.16,87,29.79,41,14.04,54.78,45.22,70.22,23.31,4.78,0.84,0.84,6.46,51.97,0.84,4.21,27.53,43.82,24.44,95.51
7,94,1309,INSTITUTO DE EDUCAÇÃO ÍSAIAS ALVES - ICEIA,UE2020,354.0,288,175,60.76,77,26.74,36,12.5,53.95,46.05,69.49,22.88,4.24,1.98,1.41,7.63,37.57,1.69,9.32,21.47,37.29,31.92,95.76
7,96,1309,INSTITUTO DE EDUCAÇÃO ÍSAIAS ALVES - ICEIA,UE2020,353.0,294,204,69.39,58,19.73,32,10.88,59.21,40.79,63.17,28.61,5.1,2.55,0.57,8.22,35.69,2.83,9.63,16.15,44.19,30.03,94.62
7,98,1309,INSTITUTO DE EDUCAÇÃO ÍSAIAS ALVES - ICEIA,UE2020,348.0,323,198,61.3,87,26.93,38,11.76,52.3,47.7,67.24,23.56,6.32,1.72,1.15,9.2,34.2,1.72,8.33,21.55,37.93,32.18,94.25
7,100,1309,INSTITUTO DE EDUCAÇÃO ÍSAIAS ALVES - ICEIA,UE2020,352.0,268,152,56.72,72,26.87,44,16.42,53.98,46.02,70.45,21.02,4.83,3.41,0.28,8.52,34.94,1.7,7.39,24.43,38.07,30.11,94.6
7,102,1309,INSTITUTO DE EDUCAÇÃO ÍSAIAS ALVES - ICEIA,UE2020,353.0,294,175,59.52,81,27.55,38,12.93,57.79,42.21,68.27,23.8,5.38,1.7,0.85,7.93,26.91,2.55,7.37,24.93,35.69,32.01,97.73
7,104,1309,INSTITUTO DE EDUCAÇÃO ÍSAIAS ALVES - ICEIA,UE2020,351.0,295,173,58.64,76,25.76,46,15.59,54.99,45.01,64.67,27.92,3.13,2.56,1.71,7.41,25.93,2.56,5.7,22.79,39.89,31.62,96.3
7,106,1309,INSTITUTO DE EDUCAÇÃO ÍSAIAS ALVES - ICEIA,UE2020,356.0,242,157,64.88,57,23.55,28,11.57,58.71,41.29,61.52,25.84,7.02,4.78,0.84,12.64,23.6,4.21,7.02,19.38,27.53,46.07,96.07
7,108,1309,INSTITUTO DE EDUCAÇÃO ÍSAIAS ALVES - ICEIA,UE2020,353.0,297,186,62.63,73,24.58,38,12.79,54.11,45.89,69.69,24.36,3.68,1.98,0.28,5.95,27.76,1.98,7.93,28.33,42.78,20.96,95.47
7,110,1309,INSTITUTO DE EDUCAÇÃO ÍSAIAS ALVES - ICEIA,UE2020,357.0,266,159,59.77,75,28.2,32,12.03,50.14,49.86,70.87,22.13,4.2,2.8,0.0,7.0,27.45,2.24,8.4,31.93,39.5,20.17,94.12
7,112,1309,INSTITUTO DE EDUCAÇÃO ÍSAIAS ALVES - ICEIA,UE2020,349.0,279,173,62.01,76,27.24,30,10.75,51.58,48.42,72.78,20.06,4.87,2.01,0.29,7.16,26.65,3.44,10.03,30.37,39.83,19.77,93.98
7,114,1309,INSTITUTO DE EDUCAÇÃO ÍSAIAS ALVES - ICEIA,UE2020,355.0,274,161,58.76,68,24.82,45,16.42,54.65,45.35,67.32,25.07,4.79,1.69,1.13,7.61,23.94,3.38,8.73,27.89,33.52,29.86,95.77
7,116,1309,INSTITUTO DE EDUCAÇÃO ÍSAIAS ALVES - ICEIA,UE2020,356.0,292,177,60.62,77,26.37,38,13.01,54.78,45.22,69.1,25.28,2.53,2.53,0.56,5.62,30.06,2.81,7.87,28.37,35.67,28.09,93.82
7,118,1309,INSTITUTO DE EDUCAÇÃO ÍSAIAS ALVES - ICEIA,UE2020,354.0,286,169,59.09,88,30.77,29,10.14,54.52,45.48,67.23,25.42,3.39,3.11,0.85,7.34,25.42,2.82,3.95,25.71,38.98,31.36,97.18
7,120,1309,INSTITUTO DE EDUCAÇÃO ÍSAIAS ALVES - ICEIA,UE2020,355.0,289,177,61.25,76,26.3,36,12.46,48.45,51.55,72.39,21.41,4.79,0.85,0.56,6.2,29.01,2.25,6.2,27.61,42.25,23.94,96.62
7,122,1309,INSTITUTO DE EDUCAÇÃO ÍSAIAS ALVES - ICEIA,UE2020,356.0,278,169,60.79,66,23.74,43,15.47,54.49,45.51,71.07,21.63,4.78,1.69,0.84,7.3,23.03,2.25,8.99,29.78,40.17,21.07,93.26
7,124,1309,INSTITUTO DE EDUCAÇÃO ÍSAIAS ALVES - ICEIA,UE2020,353.0,278,174,62.59,67,24.1,37,13.31,54.67,45.33,71.39,23.23,3.12,1.7,0.57,5.38,25.21,2.27,10.76,29.75,37.96,21.53,93.77
7,126,1309,INSTITUTO DE EDUCAÇÃO ÍSAIAS ALVES - ICEIA,UE2020,357.0,287,171,59.58,82,28.57,34,11.85,48.46,51.54,71.71,22.97,3.08,1.68,0.56,5.32,33.05,1.96,8.4,29.13,43.14,19.33,93.0
7,128,1309,INSTITUTO DE EDUCAÇÃO ÍSAIAS ALVES - ICEIA,UE2020,355.0,271,155,57.2,69,25.46,47,17.34,55.49,44.51,74.37,18.59,4.23,2.25,0.56,7.04,32.68,1.69,7.32,27.61,45.35,19.72,94.65
7,130,1309,INSTITUTO DE EDUCAÇÃO ÍSAIAS ALVES - ICEIA,UE2020,352.0,273,164,60.07,64,23.44,45,16.48,53.41,46.59,75.0,18.47,3.41,1.99,1.14,6.53,26.99,3.69,7.39,29.55,44.32,18.75,94.89
7,132,1309,INSTITUTO DE EDUCAÇÃO ÍSAIAS ALVES - ICEIA,UE2020,355.0,283,184,65.02,70,24.73,29,10.25,55.77,44.23,72.11,19.44,5.07,2.82,0.56,8.45,28.73,2.54,7.89,28.45,38.31,25.35,94.65
7,134,1309,INSTITUTO DE EDUCAÇÃO ÍSAIAS ALVES - ICEIA,UE2020,356.0,289,174,60.21,77,26.64,38,13.15,53.09,46.91,72.75,21.35,4.21,1.69,0.0,5.9,27.81,2.25,10.11,29.78,42.42,17.7,94.38
7,136,1309,INSTITUTO DE EDUCAÇÃO ÍSAIAS ALVES - ICEIA,UE2020,353.0,273,173,63.37,67,24.54,33,12.09,54.11,45.89,72.24,22.95,2.55,1.42,0.85,4.82,27.2,5.1,7.93,31.44,38.24,22.38,94.62
7,138,1309,INSTITUTO DE EDUCAÇÃO ÍSAIAS ALVES - ICEIA,UE2020,354.0,284,196,69.01,60,21.13,28,9.86,52.26,47.74,70.34,23.16,4.52,1.41,0.56,6.5,30.51,1.98,11.02,27.4,40.96,20.62,94.07
7,140,1309,INSTITUTO DE EDUCAÇÃO ÍSAIAS ALVES - ICEIA,UE2020,356.0,287,178,62.02,72,25.09,37,12.89,58.43,41.57,72.75,22.47,2.25,1.69,0.84,4.78,27.81,1.97,10.67,25.28,46.63,17.42,94.94
7,142,1309,INSTITUTO DE EDUCAÇÃO ÍSAIAS ALVES - ICEIA,UE2020,347.0,341,204,59.82,88,25.81,49,14.37,52.16,47.84,74.35,21.61,3.17,0.86,0.0,4.03,27.95,2.31,9.22,25.07,48.41,17.29,95.1
7,144,1309,INSTITUTO DE EDUCAÇÃO ÍSAIAS ALVES - ICEIA,UE2020,354.0,288,180,62.5,69,23.96,39,13.54,57.06,42.94,72.32,21.19,3.67,1.69,1.13,6.5,30.51,1.98,8.47,31.07,42.09,18.36,96.05
7,146,1309,INSTITUTO DE EDUCAÇÃO ÍSAIAS ALVES - ICEIA,UE2020,356.0,284,168,59.15,74,26.06,42,14.79,56.74,43.26,72.75,20.51,4.78,1.69,0.28,6.74,30.34,2.81,9.55,29.78,37.64,23.03,94.94
7,148,1309,INSTITUTO DE EDUCAÇÃO ÍSAIAS ALVES - ICEIA,UE2020,352.0,261,153,58.62,72,27.59,36,13.79,57.39,42.61,58.24,26.14,5.97,8.24,1.42,15.63,29.26,4.55,7.39,15.63,35.8,41.19,97.44
7,149,1414,"INSTITUTO FEDERAL DE EDUCAÇÃO, CIÊNCIA E TECNOLOGIA DA BAHIA (IFBA)",UE2020,369.0,271,174,64.21,62,22.88,35,12.92,48.24,51.76,64.5,26.56,6.5,2.17,0.27,8.94,34.42,2.98,2.17,22.22,41.19,34.42,94.85
7,171,1376,CENTRO ESTADUAL DE EDUCAÇÃO PROFISSIONAL EM GESTÃO SEVERINO VIEIRA,UE2020,377.0,296,175,59.12,80,27.03,41,13.85,54.11,45.89,63.4,25.99,6.37,2.92,1.33,10.61,42.97,1.86,5.04,20.42,38.99,35.54,99.73
7,173,1376,CENTRO ESTADUAL DE EDUCAÇÃO PROFISSIONAL EM GESTÃO SEVERINO VIEIRA,UE2020,377.0,288,178,61.81,74,25.69,36,12.5,56.5,43.5,62.86,25.99,7.96,2.65,0.53,11.14,39.79,2.12,4.51,19.89,40.85,34.75,100.0
7,175,1376,CENTRO ESTADUAL DE EDUCAÇÃO PROFISSIONAL EM GESTÃO SEVERINO VIEIRA,UE2020,376.0,296,185,62.5,74,25.0,37,12.5,56.65,43.35,62.5,25.53,9.04,2.39,0.53,11.97,43.62,0.53,3.99,22.87,39.89,33.24,99.73
7,177,1376,CENTRO ESTADUAL DE EDUCAÇÃO PROFISSIONAL EM GESTÃO SEVERINO VIEIRA,UE2020,374.0,333,212,63.66,87,26.13,34,10.21,56.68,43.32,65.78,27.81,3.48,2.14,0.8,6.42,39.57,1.34,2.67,33.16,35.03,29.14,99.2
7,178,1376,CENTRO ESTADUAL DE EDUCAÇÃO PROFISSIONAL EM GESTÃO SEVERINO VIEIRA,UE2020,381.0,315,189,60.0,85,26.98,41,13.02,55.38,44.62,64.3,25.98,6.04,3.15,0.52,9.71,42.52,1.05,6.04,27.3,32.81,33.86,94.23
7,180,1376,CENTRO ESTADUAL DE EDUCAÇÃO PROFISSIONAL EM GESTÃO SEVERINO VIEIRA,UE2020,380.0,303,186,61.39,83,27.39,34,11.22,58.68,41.32,67.37,26.32,3.16,3.16,0.0,6.32,41.84,1.58,4.74,33.16,33.95,28.16,96.32
7,182,1376,CENTRO ESTADUAL DE EDUCAÇÃO PROFISSIONAL EM GESTÃO SEVERINO VIEIRA,UE2020,377.0,300,184,61.33,86,28.67,30,10.0,55.97,44.03,61.54,31.3,5.31,0.8,1.06,7.16,46.68,1.06,4.77,22.02,41.11,32.1,95.76
7,184,1376,CENTRO ESTADUAL DE EDUCAÇÃO PROFISSIONAL EM GESTÃO SEVERINO VIEIRA,UE2020,377.0,303,184,60.73,79,26.07,40,13.2,55.17,44.83,62.86,27.85,6.37,2.65,0.27,9.28,42.97,2.12,7.69,22.81,34.22,35.28,95.76
7,186,1376,CENTRO ESTADUAL DE EDUCAÇÃO PROFISSIONAL EM GESTÃO SEVERINO VIEIRA,UE2020,375.0,300,194,64.67,72,24.0,34,11.33,54.93,45.07,64.27,28.53,4.0,2.13,1.07,7.2,39.47,2.13,7.47,22.67,37.33,32.53,92.8
7,188,1376,CENTRO ESTADUAL DE EDUCAÇÃO PROFISSIONAL EM GESTÃO SEVERINO VIEIRA,UE2020,382.0,261,143,54.79,84,32.18,34,13.03,63.87,36.13,47.91,31.41,9.16,10.47,1.05,20.68,37.7,2.88,1.31,12.57,17.54,68.59,97.64
7,190,1376,CENTRO ESTADUAL DE EDUCAÇÃO PROFISSIONAL EM GESTÃO SEVERINO VIEIRA,UE2020,381.0,310,197,63.55,74,23.87,39,12.58,54.59,45.41,61.42,28.61,6.3,3.41,0.26,9.97,46.46,0.52,4.99,25.2,34.38,35.43,96.85
7,192,1376,CENTRO ESTADUAL DE EDUCAÇÃO PROFISSIONAL EM GESTÃO SEVERINO VIEIRA,UE2020,379.0,315,188,59.68,92,29.21,35,11.11,54.35,45.65,63.32,26.91,7.12,2.37,0.26,9.76,39.84,1.32,8.97,24.01,32.45,34.56,95.25
7,194,1376,CENTRO ESTADUAL DE EDUCAÇÃO PROFISSIONAL EM GESTÃO SEVERINO VIEIRA,UE2020,379.0,307,189,61.56,77,25.08,41,13.36,55.67,44.33,68.34,23.22,6.6,1.58,0.26,8.44,40.9,1.06,7.65,20.84,43.27,28.23,93.67
7,196,1376,CENTRO ESTADUAL DE EDUCAÇÃO PROFISSIONAL EM GESTÃO SEVERINO VIEIRA,UE2020,382.0,310,182,58.71,92,29.68,36,11.61,53.14,46.86,62.83,25.65,7.85,1.83,1.83,11.52,36.39,1.05,5.24,21.2,37.7,35.86,94.5
7,198,1376,CENTRO ESTADUAL DE EDUCAÇÃO PROFISSIONAL EM GESTÃO SEVERINO VIEIRA,UE2020,382.0,322,195,60.56,92,28.57,35,10.87,57.85,42.15,63.35,26.44,4.71,4.45,1.05,10.21,38.48,1.83,7.07,25.13,33.77,34.03,93.98
7,200,1376,CENTRO ESTADUAL DE EDUCAÇÃO PROFISSIONAL EM GESTÃO SEVERINO VIEIRA,UE2020,383.0,297,158,53.2,104,35.02,35,11.78,58.22,41.78,58.75,31.33,4.7,3.66,1.57,9.92,48.04,1.83,4.7,16.19,45.43,33.68,93.73
7,201,1414,"INSTITUTO FEDERAL DE EDUCAÇÃO, CIÊNCIA E TECNOLOGIA DA BAHIA (IFBA)",UE2020,237.0,193,126,65.28,39,20.21,28,14.51,54.85,45.15,65.82,24.05,4.64,4.64,0.84,10.13,37.55,1.69,7.17,22.36,37.13,33.33,94.94
7,202,1414,"INSTITUTO FEDERAL DE EDUCAÇÃO, CIÊNCIA E TECNOLOGIA DA BAHIA (IFBA)",UE2020,238.0,197,116,58.88,52,26.4,29,14.72,57.98,42.02,63.03,28.57,3.36,2.94,2.1,8.4,41.6,2.1,5.46,21.85,39.5,33.19,95.8
7,203,1414,"INSTITUTO FEDERAL DE EDUCAÇÃO, CIÊNCIA E TECNOLOGIA DA BAHIA (IFBA)",UE2020,237.0,185,113,61.08,49,26.49,23,12.43,49.79,50.21,66.67,24.05,5.06,3.38,0.84,9.28,39.24,2.95,9.7,24.05,36.29,29.96,94.09
7,204,1414,"INSTITUTO FEDERAL DE EDUCAÇÃO, CIÊNCIA E TECNOLOGIA DA BAHIA (IFBA)",UE2020,238.0,206,129,62.62,54,26.21,23,11.17,59.66,40.34,64.29,28.99,4.62,2.1,0.0,6.72,36.13,2.1,4.62,23.11,32.77,39.5,94.54
7,205,1414,"INSTITUTO FEDERAL DE EDUCAÇÃO, CIÊNCIA E TECNOLOGIA DA BAHIA (IFBA)",UE2020,239.0,197,119,60.41,50,25.38,28,14.21,60.67,39.33,63.18,30.13,4.6,1.26,0.84,6.69,43.93,0.84,5.86,24.69,36.4,33.05,96.23
7,206,1414,"INSTITUTO FEDERAL DE EDUCAÇÃO, CIÊNCIA E TECNOLOGIA DA BAHIA (IFBA)",UE2020,239.0,199,119,59.8,51,25.63,29,14.57,56.49,43.51,59.0,33.47,4.6,2.51,0.42,7.53,41.84,4.18,5.86,26.78,33.05,34.31,97.07
7,207,1414,"INSTITUTO FEDERAL DE EDUCAÇÃO, CIÊNCIA E TECNOLOGIA DA BAHIA (IFBA)",UE2020,239.0,207,121,58.45,58,28.02,28,13.53,63.6,36.4,63.6,24.27,7.53,3.35,1.26,12.13,41.0,1.26,7.53,24.69,39.75,28.03,94.56
7,208,1414,"INSTITUTO FEDERAL DE EDUCAÇÃO, CIÊNCIA E TECNOLOGIA DA BAHIA (IFBA)",UE2020,239.0,198,127,64.14,55,27.78,16,8.08,51.05,48.95,61.51,31.38,3.77,2.51,0.84,7.11,39.33,1.26,6.69,23.85,36.82,32.64,96.65
7,209,1414,"INSTITUTO FEDERAL DE EDUCAÇÃO, CIÊNCIA E TECNOLOGIA DA BAHIA (IFBA)",UE2020,239.0,200,120,60.0,56,28.0,24,12.0,57.32,42.68,65.69,27.2,5.02,1.67,0.42,7.11,42.68,1.67,8.37,25.52,43.51,22.59,97.49
7,210,1414,"INSTITUTO FEDERAL DE EDUCAÇÃO, CIÊNCIA E TECNOLOGIA DA BAHIA (IFBA)",UE2020,240.0,200,115,57.5,53,26.5,32,16.0,51.25,48.75,56.25,31.25,8.33,2.92,1.25,12.5,38.33,1.25,7.08,22.5,35.42,35.0,96.67
7,211,1414,"INSTITUTO FEDERAL DE EDUCAÇÃO, CIÊNCIA E TECNOLOGIA DA BAHIA (IFBA)",UE2020,238.0,201,111,55.22,56,27.86,34,16.92,59.66,40.34,61.34,31.09,5.04,1.68,0.84,7.56,38.24,2.94,7.98,18.07,38.24,35.71,95.38
7,212,1414,"INSTITUTO FEDERAL DE EDUCAÇÃO, CIÊNCIA E TECNOLOGIA DA BAHIA (IFBA)",UE2020,238.0,196,106,54.08,55,28.06,35,17.86,55.46,44.54,59.24,34.03,5.46,0.84,0.42,6.72,33.61,0.42,6.3,21.43,39.5,32.77,94.54
7,213,1414,"INSTITUTO FEDERAL DE EDUCAÇÃO, CIÊNCIA E TECNOLOGIA DA BAHIA (IFBA)",UE2020,238.0,199,124,62.31,54,27.14,21,10.55,58.82,41.18,64.29,27.73,4.62,2.1,1.26,7.98,39.5,1.26,7.14,23.95,39.5,29.41,97.48
7,214,1414,"INSTITUTO FEDERAL DE EDUCAÇÃO, CIÊNCIA E TECNOLOGIA DA BAHIA (IFBA)",UE2020,239.0,199,113,56.78,58,29.15,28,14.07,57.32,42.68,65.27,28.03,4.6,2.09,0.0,6.69,38.49,1.67,8.37,20.92,42.26,28.45,96.65
7,215,1414,"INSTITUTO FEDERAL DE EDUCAÇÃO, CIÊNCIA E TECNOLOGIA DA BAHIA (IFBA)",UE2020,240.0,206,131,63.59,46,22.33,29,14.08,58.75,41.25,61.67,27.08,6.25,4.17,0.83,11.25,37.08,2.92,4.58,25.42,35.83,34.17,96.67
7,216,1414,"INSTITUTO FEDERAL DE EDUCAÇÃO, CIÊNCIA E TECNOLOGIA DA BAHIA (IFBA)",UE2020,237.0,355,249,70.14,80,22.54,26,7.32,49.37,50.63,65.82,22.78,6.33,2.95,2.11,11.39,37.97,1.27,5.91,31.65,31.65,30.8,94.94
7,217,1414,"INSTITUTO FEDERAL DE EDUCAÇÃO, CIÊNCIA E TECNOLOGIA DA BAHIA (IFBA)",UE2020,240.0,197,130,65.99,48,24.37,19,9.64,62.5,37.5,70.0,23.75,5.0,1.25,0.0,6.25,45.42,1.67,9.58,29.58,48.75,12.08,96.25
7,236,1082,ESCOLA TEIXEIRA DE FREITAS,UE2020,336.0,283,166,58.66,85,30.04,32,11.31,57.44,42.56,72.62,21.13,5.36,0.89,0.0,6.25,41.07,2.38,15.77,20.24,46.73,17.26,97.62
7,237,1252,FUNDAÇÃO VISCONDE DE CAYRU,UE2020,359.0,256,148,57.81,71,27.73,37,14.45,57.38,42.62,59.61,24.51,6.96,6.96,1.95,15.88,44.57,4.46,6.69,14.21,31.48,47.63,94.71
7,240,1376,CENTRO ESTADUAL DE EDUCAÇÃO PROFISSIONAL EM GESTÃO SEVERINO VIEIRA,UE2020,379.0,321,194,60.44,83,25.86,44,13.71,53.83,46.17,68.87,24.27,4.22,1.58,1.06,6.86,53.03,0.79,4.75,19.79,55.41,20.05,96.83
7,242,1376,CENTRO ESTADUAL DE EDUCAÇÃO PROFISSIONAL EM GESTÃO SEVERINO VIEIRA,UE2020,372.0,308,187,60.71,71,23.05,50,16.23,54.57,45.43,72.85,21.24,4.57,0.27,1.08,5.91,37.9,1.88,18.55,22.31,41.67,17.47,96.77
7,245,1376,CENTRO ESTADUAL DE EDUCAÇÃO PROFISSIONAL EM GESTÃO SEVERINO VIEIRA,UE2020,374.0,271,157,57.93,87,32.1,27,9.96,56.42,43.58,62.3,23.8,5.35,7.22,1.34,13.9,36.36,3.48,17.38,21.66,24.87,36.1,79.14
7,246,1414,"INSTITUTO FEDERAL DE EDUCAÇÃO, CIÊNCIA E TECNOLOGIA DA BAHIA (IFBA)",UE2020,340.0,239,154,64.44,51,21.34,34,14.23,60.59,39.41,56.18,27.94,6.18,9.12,0.59,15.88,30.29,4.41,12.94,11.47,17.06,58.53,94.12
7,248,1015,COLÉGIO DA BAHIA (CENTRAL),UE2020,310.0,248,160,64.52,57,22.98,31,12.5,54.52,45.48,70.0,23.55,5.48,0.65,0.32,6.45,39.68,1.29,7.42,27.1,42.58,22.9,96.77
7,249,1309,INSTITUTO DE EDUCAÇÃO ÍSAIAS ALVES - ICEIA,UE2020,354.0,261,150,57.47,84,32.18,27,10.34,59.6,40.4,61.02,27.97,3.39,6.5,1.13,11.02,31.92,3.95,3.67,23.16,20.9,52.26,97.46
7,250,1252,FUNDAÇÃO VISCONDE DE CAYRU,UE2020,356.0,271,186,68.63,47,17.34,38,14.02,54.21,45.79,76.12,18.26,5.34,0.0,0.28,5.62,41.01,1.12,16.57,29.49,32.87,21.07,94.94
7,251,1414,"INSTITUTO FEDERAL DE EDUCAÇÃO, CIÊNCIA E TECNOLOGIA DA BAHIA (IFBA)",UE2020,238.0,194,115,59.28,58,29.9,21,10.82,58.82,41.18,69.75,21.85,5.46,2.52,0.42,8.4,44.12,1.26,5.04,33.19,43.28,18.49,97.06
7,254,1015,COLÉGIO DA BAHIA (CENTRAL),UE2020,311.0,225,137,60.89,58,25.78,30,13.33,50.8,49.2,72.67,21.54,3.86,1.61,0.32,5.79,40.84,2.89,6.75,32.8,37.62,22.83,96.78
7,256,1015,COLÉGIO DA BAHIA (CENTRAL),UE2020,312.0,249,161,64.66,60,24.1,28,11.24,56.41,43.59,71.79,18.59,5.13,3.21,1.28,9.62,43.59,1.6,6.41,36.22,34.62,22.76,96.47
7,257,1015,COLÉGIO DA BAHIA (CENTRAL),UE2020,311.0,244,154,63.11,55,22.54,35,14.34,54.98,45.02,76.21,17.68,2.57,2.89,0.64,6.11,42.44,1.61,6.75,36.66,34.08,22.51,96.14
7,294,1740,ESCOLA RUY DE LIMA MALTEZ,UE2020,399.0,346,197,56.94,110,31.79,39,11.27,53.88,46.12,53.38,34.34,9.02,2.51,0.75,12.28,44.86,1.75,2.01,15.29,37.34,45.36,100.0
7,296,1740,ESCOLA RUY DE LIMA MALTEZ,UE2020,396.0,360,206,57.22,106,29.44,48,13.33,58.08,41.92,56.31,36.36,4.29,2.27,0.76,7.32,47.73,2.02,1.01,17.68,45.45,35.86,100.0
7,298,1740,ESCOLA RUY DE LIMA MALTEZ,UE2020,396.0,296,158,53.38,88,29.73,50,16.89,58.59,41.41,60.35,28.79,6.57,2.53,1.77,10.86,40.66,1.77,10.86,27.27,28.79,33.08,91.41
7,341,1791,ESCOLA MUNICIPAL MARIA QUITÉRIA,UE2020,309.0,269,151,56.13,85,31.6,33,12.27,60.19,39.81,59.55,27.83,9.06,2.91,0.65,12.62,38.51,3.24,7.44,23.3,36.25,33.01,97.41
7,342,1791,ESCOLA MUNICIPAL MARIA QUITÉRIA,UE2020,313.0,259,141,54.44,83,32.05,35,13.51,56.87,43.13,56.55,31.31,7.03,4.15,0.96,12.14,38.34,0.64,6.39,19.81,36.74,37.06,97.76
7,343,1791,ESCOLA MUNICIPAL MARIA QUITÉRIA,UE2020,314.0,266,159,59.77,68,25.56,39,14.66,60.83,39.17,57.64,34.08,4.14,2.87,1.27,8.28,42.36,2.55,5.73,22.93,35.35,35.99,98.41
7,344,1791,ESCOLA MUNICIPAL MARIA QUITÉRIA,UE2020,312.0,253,160,63.24,59,23.32,34,13.44,57.69,42.31,57.69,30.77,5.77,5.45,0.32,11.54,35.9,1.92,7.05,22.12,32.37,38.46,97.12
7,345,1791,ESCOLA MUNICIPAL MARIA QUITÉRIA,UE2020,314.0,257,153,59.53,72,28.02,32,12.45,57.32,42.68,58.6,33.76,4.78,2.23,0.64,7.64,42.99,3.5,8.6,23.25,35.03,33.12,97.13
7,346,1791,ESCOLA MUNICIPAL MARIA QUITÉRIA,UE2020,312.0,259,139,53.67,85,32.82,35,13.51,51.28,48.72,58.97,33.01,4.81,2.24,0.96,8.01,35.9,2.24,7.69,23.08,30.45,38.78,98.08
7,347,1791,ESCOLA MUNICIPAL MARIA QUITÉRIA,UE2020,314.0,267,163,61.05,69,25.84,35,13.11,58.92,41.08,59.87,30.89,6.69,2.23,0.32,9.24,41.08,1.91,3.82,24.2,43.31,28.66,99.04
7,350,1813,ESCOLA EXPERIMENTAL,UE2020,442.0,363,211,58.13,106,29.2,46,12.67,54.75,45.25,57.01,35.52,4.75,1.36,1.36,7.47,54.75,0.45,5.88,22.85,42.08,29.19,97.96
7,351,1813,ESCOLA EXPERIMENTAL,UE2020,440.0,372,208,55.91,120,32.26,44,11.83,58.64,41.36,52.5,38.86,6.36,1.59,0.68,8.64,58.18,0.91,4.55,23.18,42.27,30.0,98.18
7,352,1813,ESCOLA EXPERIMENTAL,UE2020,444.0,366,211,57.65,99,27.05,56,15.3,57.43,42.57,53.83,36.71,6.08,2.7,0.68,9.46,56.08,0.23,5.86,20.72,43.92,29.5,97.3
7,353,1813,ESCOLA EXPERIMENTAL,UE2020,443.0,359,204,56.82,109,30.36,46,12.81,54.4,45.6,52.6,39.28,4.97,2.48,0.68,8.13,58.47,0.45,5.42,20.99,43.12,30.47,97.74
7,354,1813,ESCOLA EXPERIMENTAL,UE2020,443.0,364,211,57.97,111,30.49,42,11.54,55.98,44.02,51.47,36.12,8.58,2.71,1.13,12.42,56.88,0.9,5.42,20.99,42.44,31.15,98.87
7,355,1813,ESCOLA EXPERIMENTAL,UE2020,433.0,363,201,55.37,114,31.4,48,13.22,57.04,42.96,53.81,36.72,7.16,2.08,0.23,9.47,59.82,0.23,5.77,24.71,40.65,28.87,97.92
7,356,1813,ESCOLA EXPERIMENTAL,UE2020,445.0,363,216,59.5,95,26.17,52,14.33,57.98,42.02,60.22,32.36,5.39,1.35,0.67,7.42,62.47,0.67,5.17,34.83,38.2,21.8,98.65
7,357,1813,ESCOLA EXPERIMENTAL,UE2020,433.0,357,197,55.18,103,28.85,57,15.97,54.5,45.5,56.81,35.1,4.62,2.77,0.69,8.08,53.58,0.69,7.16,35.33,34.87,22.63,97.92
7,358,1813,ESCOLA EXPERIMENTAL,UE2020,441.0,354,211,59.6,97,27.4,46,12.99,61.45,38.55,59.86,31.75,7.03,1.36,0.0,8.39,60.77,0.23,4.31,37.19,33.11,25.4,98.64
7,359,1813,ESCOLA EXPERIMENTAL,UE2020,438.0,360,207,57.5,105,29.17,48,13.33,55.94,44.06,58.9,35.16,4.57,0.46,0.91,5.94,61.87,0.46,6.16,35.84,38.81,19.18,97.95
7,360,1813,ESCOLA EXPERIMENTAL,UE2020,446.0,317,175,55.21,102,32.18,40,12.62,59.19,40.81,49.33,34.53,6.95,7.4,1.79,16.14,39.46,3.36,13.68,9.87,20.63,55.83,86.55
7,361,1830,COLÉGIO ESTADUAL FREDERICO COSTA,UE2020,437.0,346,188,54.34,104,30.06,54,15.61,47.83,52.17,58.35,33.64,5.95,1.37,0.69,8.01,46.45,1.14,12.81,21.28,36.16,29.75,91.08
7,362,1830,COLÉGIO ESTADUAL FREDERICO COSTA,UE2020,439.0,345,192,55.65,104,30.14,49,14.2,52.16,47.84,52.16,34.85,6.15,6.38,0.46,12.98,49.89,1.14,9.11,21.18,35.08,34.62,93.62
7,363,1830,COLÉGIO ESTADUAL FREDERICO COSTA,UE2020,435.0,350,201,57.43,113,32.29,36,10.29,53.79,46.21,57.93,33.33,5.29,2.53,0.92,8.74,51.49,1.15,8.97,23.91,40.69,26.44,92.64
7,364,1830,COLÉGIO ESTADUAL FREDERICO COSTA,UE2020,433.0,346,197,56.94,105,30.35,44,12.72,55.2,44.8,55.66,33.95,7.16,2.54,0.69,10.39,47.81,2.08,10.62,21.02,36.26,32.1,93.53
7,365,1830,COLÉGIO ESTADUAL FREDERICO COSTA,UE2020,433.0,347,199,57.35,110,31.7,38,10.95,54.04,45.96,53.12,36.72,5.54,3.23,1.39,10.16,50.35,0.92,11.55,20.09,35.33,33.03,91.92
7,366,1830,COLÉGIO ESTADUAL FREDERICO COSTA,UE2020,431.0,348,195,56.03,111,31.9,42,12.07,58.7,41.3,56.15,33.41,5.34,3.71,1.39,10.44,49.88,0.93,9.05,22.04,31.32,37.59,92.34
7,367,1830,COLÉGIO ESTADUAL FREDERICO COSTA,UE2020,434.0,343,188,54.81,104,30.32,51,14.87,58.29,41.71,56.68,35.02,4.15,3.0,1.15,8.29,50.46,0.46,12.21,23.96,36.41,27.42,90.55
7,368,1830,COLÉGIO ESTADUAL FREDERICO COSTA,UE2020,440.0,365,195,53.42,117,32.05,53,14.52,53.41,46.59,57.05,32.73,6.82,2.73,0.68,10.23,45.23,1.14,9.77,21.59,38.64,30.0,92.95
7,369,1830,COLÉGIO ESTADUAL FREDERICO COSTA,UE2020,436.0,360,209,58.06,97,26.94,54,15.0,52.06,47.94,64.68,28.67,3.44,2.98,0.23,6.65,43.58,0.92,14.68,24.54,36.47,24.31,91.28
7,370,1830,COLÉGIO ESTADUAL FREDERICO COSTA,UE2020,432.0,347,200,57.64,98,28.24,49,14.12,55.56,44.44,61.34,31.25,5.09,1.39,0.93,7.41,51.16,0.46,8.1,18.98,52.78,20.14,93.29
7,371,1830,COLÉGIO ESTADUAL FREDERICO COSTA,UE2020,437.0,353,205,58.07,113,32.01,35,9.92,50.11,49.89,61.1,32.49,5.03,1.14,0.23,6.41,56.52,1.37,9.84,22.88,45.08,22.2,93.14
7,372,1830,COLÉGIO ESTADUAL FREDERICO COSTA,UE2020,436.0,355,196,55.21,114,32.11,45,12.68,55.5,44.5,56.42,35.55,5.73,1.38,0.92,8.03,58.72,0.69,10.32,20.41,49.77,19.5,92.66
7,373,1830,COLÉGIO ESTADUAL FREDERICO COSTA,UE2020,435.0,336,204,60.71,90,26.79,42,12.5,50.8,49.2,61.84,30.57,3.68,2.99,0.92,7.59,51.49,1.84,11.72,32.18,32.41,23.68,91.26
7,374,1848,COLÉGIO MEDITERRÂNEO,UE2020,444.0,380,202,53.16,124,32.63,54,14.21,55.18,44.82,55.18,38.74,4.5,1.13,0.45,6.08,52.7,0.0,6.98,29.73,38.29,25.0,95.72
7,375,1848,COLÉGIO MEDITERRÂNEO,UE2020,444.0,364,194,53.3,120,32.97,50,13.74,54.5,45.5,57.88,36.04,4.28,1.13,0.68,6.08,50.0,0.45,6.31,37.61,34.91,21.17,95.95
7,376,1848,COLÉGIO MEDITERRÂNEO,UE2020,438.0,380,213,56.05,110,28.95,57,15.0,57.31,42.69,47.26,43.38,7.53,0.91,0.91,9.36,59.82,0.46,6.85,19.63,41.32,32.19,95.21
7,377,1856,ESCOLA LÉLIS PIEDADE,UE2020,445.0,337,221,65.58,50,14.84,66,19.58,54.16,45.84,66.97,24.72,4.94,2.7,0.67,8.31,8.54,7.19,9.66,19.78,34.83,35.73,95.73
7,378,1856,ESCOLA LÉLIS PIEDADE,UE2020,445.0,361,237,65.65,72,19.94,52,14.4,59.55,40.45,68.54,23.6,5.84,2.02,0.0,7.87,11.24,5.17,13.03,18.43,35.96,32.58,96.18
7,379,1856,ESCOLA LÉLIS PIEDADE,UE2020,443.0,381,242,63.52,84,22.05,55,14.44,52.82,47.18,72.46,22.57,3.61,1.13,0.23,4.97,13.77,4.29,9.03,15.35,61.63,14.0,96.39
7,380,1856,ESCOLA LÉLIS PIEDADE,UE2020,446.0,350,237,67.71,65,18.57,48,13.71,52.47,47.53,73.99,21.52,3.14,1.12,0.22,4.48,11.43,4.26,8.07,16.37,62.11,13.45,97.31
7,381,1856,ESCOLA LÉLIS PIEDADE,UE2020,443.0,362,237,65.47,70,19.34,55,15.19,57.11,42.89,78.33,18.74,0.9,1.35,0.68,2.93,15.35,2.48,11.06,30.25,42.66,16.03,95.49
7,382,1996,ESCOLA MUNICIPAL LUIZ ANSELMO,UE2020,352.0,293,192,65.53,60,20.48,41,13.99,51.99,48.01,62.5,30.68,2.84,2.84,1.14,6.82,21.02,5.97,7.39,21.02,40.06,31.53,96.59
7,383,1996,ESCOLA MUNICIPAL LUIZ ANSELMO,UE2020,350.0,288,186,64.58,70,24.31,32,11.11,52.86,47.14,65.43,26.86,4.29,2.57,0.86,7.71,24.0,3.71,5.43,25.71,35.71,33.14,98.29
7,384,1996,ESCOLA MUNICIPAL LUIZ ANSELMO,UE2020,352.0,289,182,62.98,70,24.22,37,12.8,55.68,44.32,63.35,27.27,5.11,2.56,1.7,9.38,22.16,5.68,5.4,20.74,39.77,34.09,97.16
7,385,1996,ESCOLA MUNICIPAL LUIZ ANSELMO,UE2020,350.0,291,186,63.92,71,24.4,34,11.68,50.86,49.14,66.0,25.71,5.14,2.86,0.29,8.29,22.57,3.71,2.0,20.29,60.0,17.71,100.0
7,386,1996,ESCOLA MUNICIPAL LUIZ ANSELMO,UE2020,353.0,312,199,63.78,70,22.44,43,13.78,51.84,48.16,65.16,30.88,3.12,0.85,0.0,3.97,23.8,3.12,4.25,19.55,60.91,15.3,98.3
7,387,1996,ESCOLA MUNICIPAL LUIZ ANSELMO,UE2020,347.0,288,186,64.58,55,19.1,47,16.32,54.76,45.24,69.74,25.36,3.46,1.15,0.29,4.9,23.05,3.75,5.76,22.19,51.59,20.46,98.27
7,388,2003,CMEI-CENTRO MUNICIPAL DE EDUCAÇÃO INFANTIL LUIZ ANSELMO,UE2020,395.0,318,208,65.41,64,20.13,46,14.47,55.44,44.56,74.94,22.28,2.03,0.51,0.25,2.78,7.85,8.35,7.85,31.39,41.01,19.75,93.67
7,389,2003,CMEI-CENTRO MUNICIPAL DE EDUCAÇÃO INFANTIL LUIZ ANSELMO,UE2020,396.0,315,192,60.95,78,24.76,45,14.29,54.29,45.71,74.75,21.72,2.53,1.01,0.0,3.54,7.58,5.81,6.57,30.3,44.7,18.43,96.72
7,390,2003,CMEI-CENTRO MUNICIPAL DE EDUCAÇÃO INFANTIL LUIZ ANSELMO,UE2020,398.0,314,202,64.33,75,23.89,37,11.78,57.04,42.96,71.11,21.86,4.27,2.76,0.0,7.04,9.55,5.28,9.8,30.4,36.93,22.86,94.22
7,391,2003,CMEI-CENTRO MUNICIPAL DE EDUCAÇÃO INFANTIL LUIZ ANSELMO,UE2020,397.0,328,212,64.63,66,20.12,50,15.24,51.39,48.61,73.8,22.17,2.02,2.02,0.0,4.03,8.56,5.79,7.05,32.49,39.04,21.41,96.22
7,392,2003,CMEI-CENTRO MUNICIPAL DE EDUCAÇÃO INFANTIL LUIZ ANSELMO,UE2020,400.0,317,206,64.98,65,20.5,46,14.51,55.0,45.0,78.0,20.25,0.75,0.75,0.25,1.75,10.75,5.25,8.75,34.75,41.0,15.5,94.25
7,393,2003,CMEI-CENTRO MUNICIPAL DE EDUCAÇÃO INFANTIL LUIZ ANSELMO,UE2020,399.0,326,217,66.56,56,17.18,53,16.26,51.13,48.87,75.69,21.55,1.75,0.5,0.5,2.76,8.77,5.26,8.27,30.08,46.87,14.79,94.99
7,394,2003,CMEI-CENTRO MUNICIPAL DE EDUCAÇÃO INFANTIL LUIZ ANSELMO,UE2020,398.0,326,218,66.87,59,18.1,49,15.03,48.74,51.26,77.64,19.35,2.01,1.01,0.0,3.02,12.06,5.28,6.78,26.38,53.27,13.57,96.48
7,395,2003,CMEI-CENTRO MUNICIPAL DE EDUCAÇÃO INFANTIL LUIZ ANSELMO,UE2020,398.0,331,212,64.05,67,20.24,52,15.71,59.55,40.45,71.36,25.13,1.01,2.51,0.0,3.52,6.53,3.77,4.77,20.6,61.81,12.81,95.73
7,396,2003,CMEI-CENTRO MUNICIPAL DE EDUCAÇÃO INFANTIL LUIZ ANSELMO,UE2020,397.0,333,221,66.37,71,21.32,41,12.31,60.96,39.04,72.54,22.67,2.52,2.02,0.25,4.79,11.84,5.79,4.79,20.91,60.71,13.6,96.73
7,397,2003,CMEI-CENTRO MUNICIPAL DE EDUCAÇÃO INFANTIL LUIZ ANSELMO,UE2020,398.0,319,204,63.95,66,20.69,49,15.36,57.04,42.96,79.65,16.08,2.01,2.01,0.25,4.27,8.79,4.27,5.28,37.19,44.97,12.56,96.48
7,398,1880,COLÉGIO ESTADUAL COSME DE FARIAS,UE2020,444.0,350,224,64.0,68,19.43,58,16.57,54.95,45.05,71.4,21.17,4.73,2.48,0.23,7.43,11.04,5.63,6.76,26.8,37.84,28.6,97.75
7,399,1880,COLÉGIO ESTADUAL COSME DE FARIAS,UE2020,447.0,334,229,68.56,61,18.26,44,13.17,56.38,43.62,71.81,21.25,3.58,2.46,0.89,6.94,8.72,5.82,7.38,25.73,36.69,30.2,97.32
7,400,1880,COLÉGIO ESTADUAL COSME DE FARIAS,UE2020,443.0,349,216,61.89,85,24.36,48,13.75,54.4,45.6,69.98,23.7,3.16,2.26,0.9,6.32,9.93,4.74,8.13,27.09,36.34,28.44,98.19
7,401,1880,COLÉGIO ESTADUAL COSME DE FARIAS,UE2020,445.0,326,215,65.95,65,19.94,46,14.11,54.61,45.39,66.52,26.07,4.49,2.02,0.9,7.42,9.21,6.07,8.09,20.45,37.3,34.16,96.4
7,402,1880,COLÉGIO ESTADUAL COSME DE FARIAS,UE2020,436.0,347,233,67.15,69,19.88,45,12.97,51.15,48.85,67.66,25.46,2.98,3.21,0.69,6.88,8.94,5.05,10.32,25.46,29.82,34.4,97.71
7,403,1880,COLÉGIO ESTADUAL COSME DE FARIAS,UE2020,441.0,339,217,64.01,70,20.65,52,15.34,49.66,50.34,72.11,22.45,2.95,1.81,0.68,5.44,9.75,4.76,6.35,26.98,37.19,29.48,96.15
7,404,1880,COLÉGIO ESTADUAL COSME DE FARIAS,UE2020,446.0,344,244,70.93,57,16.57,43,12.5,54.71,45.29,67.94,22.87,5.83,2.47,0.9,9.19,11.43,2.91,10.09,28.7,29.6,31.61,95.74
7,405,1880,COLÉGIO ESTADUAL COSME DE FARIAS,UE2020,440.0,323,228,70.59,57,17.65,38,11.76,58.41,41.59,70.91,23.41,2.95,2.5,0.23,5.68,8.18,9.77,9.32,24.77,40.45,25.45,98.64
7,406,1880,COLÉGIO ESTADUAL COSME DE FARIAS,UE2020,443.0,335,208,62.09,66,19.7,61,18.21,54.85,45.15,71.33,22.12,3.16,2.93,0.45,6.55,8.13,7.9,9.93,28.22,38.15,23.7,97.29
7,407,1880,COLÉGIO ESTADUAL COSME DE FARIAS,UE2020,438.0,325,217,66.77,63,19.38,45,13.85,52.05,47.95,70.32,23.97,3.2,2.05,0.46,5.71,12.79,4.34,9.59,23.74,35.39,31.28,97.49
7,408,1880,COLÉGIO ESTADUAL COSME DE FARIAS,UE2020,446.0,345,221,64.06,75,21.74,49,14.2,55.61,44.39,69.73,23.32,3.36,3.14,0.45,6.95,7.85,5.16,8.74,25.56,33.63,32.06,97.98
7,409,1880,COLÉGIO ESTADUAL COSME DE FARIAS,UE2020,449.0,345,225,65.22,71,20.58,49,14.2,53.23,46.77,75.06,21.38,2.9,0.45,0.22,3.56,8.91,2.0,10.91,22.72,42.76,23.61,97.77
7,410,1880,COLÉGIO ESTADUAL COSME DE FARIAS,UE2020,448.0,348,235,67.53,69,19.83,44,12.64,45.76,54.24,72.32,23.44,2.46,1.34,0.45,4.24,9.6,3.79,7.81,18.97,58.04,15.18,97.54
7,411,1880,COLÉGIO ESTADUAL COSME DE FARIAS,UE2020,447.0,354,235,66.38,67,18.93,52,14.69,51.9,48.1,78.3,19.02,2.46,0.0,0.22,2.68,12.53,1.34,9.62,21.7,57.94,10.74,96.2
7,412,2003,CMEI-CENTRO MUNICIPAL DE EDUCAÇÃO INFANTIL LUIZ ANSELMO,UE2020,398.0,255,163,63.92,52,20.39,40,15.69,61.56,38.44,69.1,21.11,2.76,6.53,0.5,9.8,7.29,15.08,24.87,14.57,14.32,46.23,72.86
7,413,1970,CENTRO MUNICIPAL DE EDUCAÇÃO INFANTIL LUIS EDUARDO MAGALHÃES,UE2020,395.0,318,218,68.55,56,17.61,44,13.84,51.9,48.1,72.66,22.78,2.53,1.77,0.25,4.56,7.85,6.84,4.81,41.77,34.43,18.99,95.19
7,414,1970,CENTRO MUNICIPAL DE EDUCAÇÃO INFANTIL LUIS EDUARDO MAGALHÃES,UE2020,397.0,322,225,69.88,48,14.91,49,15.22,54.66,45.34,77.83,19.14,1.01,1.76,0.25,3.02,6.8,7.81,4.79,40.05,34.51,20.65,96.47
7,415,1970,CENTRO MUNICIPAL DE EDUCAÇÃO INFANTIL LUIS EDUARDO MAGALHÃES,UE2020,398.0,318,208,65.41,60,18.87,50,15.72,54.02,45.98,73.12,24.37,1.26,0.75,0.5,2.51,11.81,5.28,5.78,44.22,36.43,13.57,92.21
7,416,1970,CENTRO MUNICIPAL DE EDUCAÇÃO INFANTIL LUIS EDUARDO MAGALHÃES,UE2020,392.0,321,211,65.73,64,19.94,46,14.33,60.46,39.54,80.87,16.58,1.28,1.02,0.26,2.55,7.4,3.57,6.89,52.55,29.34,11.22,92.35
7,417,1910,COLÉGIO ESTADUAL BRIGADEIRO EDUARDO GOMES,UE2020,415.0,325,203,62.46,72,22.15,50,15.38,54.94,45.06,71.57,22.41,3.37,2.41,0.24,6.02,27.47,2.41,10.84,26.27,37.11,25.78,93.01
7,418,1910,COLÉGIO ESTADUAL BRIGADEIRO EDUARDO GOMES,UE2020,412.0,330,205,62.12,79,23.94,46,13.94,51.21,48.79,70.87,22.57,4.85,1.46,0.24,6.55,25.0,2.18,13.59,31.55,30.34,24.51,92.96
7,419,1910,COLÉGIO ESTADUAL BRIGADEIRO EDUARDO GOMES,UE2020,415.0,333,196,58.86,92,27.63,45,13.51,51.57,48.43,70.84,23.86,1.93,2.65,0.72,5.3,27.47,2.17,11.57,26.02,40.0,22.41,92.05
7,420,1910,COLÉGIO ESTADUAL BRIGADEIRO EDUARDO GOMES,UE2020,413.0,335,206,61.49,73,21.79,56,16.72,55.21,44.79,69.98,23.73,4.6,1.69,0.0,6.3,22.52,3.63,13.08,25.67,35.35,25.91,91.28
7,421,1910,COLÉGIO ESTADUAL BRIGADEIRO EDUARDO GOMES,UE2020,416.0,326,202,61.96,70,21.47,54,16.56,52.88,47.12,66.35,25.96,3.85,3.61,0.24,7.69,27.16,2.4,13.46,27.4,31.97,27.16,91.35
7,422,1910,COLÉGIO ESTADUAL BRIGADEIRO EDUARDO GOMES,UE2020,417.0,336,196,58.33,96,28.57,44,13.1,57.07,42.93,68.59,24.7,4.32,1.92,0.48,6.71,24.22,2.4,12.71,26.62,35.01,25.66,92.81
7,423,1910,COLÉGIO ESTADUAL BRIGADEIRO EDUARDO GOMES,UE2020,409.0,326,197,60.43,82,25.15,47,14.42,50.86,49.14,73.11,21.27,2.69,2.44,0.49,5.62,21.76,1.71,14.18,26.89,36.19,22.74,90.95
7,424,1910,COLÉGIO ESTADUAL BRIGADEIRO EDUARDO GOMES,UE2020,414.0,334,215,64.37,71,21.26,48,14.37,51.45,48.55,71.01,21.98,3.62,2.66,0.72,7.0,18.84,3.14,15.46,25.85,32.13,26.57,93.0
7,425,1910,COLÉGIO ESTADUAL BRIGADEIRO EDUARDO GOMES,UE2020,416.0,348,204,58.62,93,26.72,51,14.66,55.29,44.71,71.15,23.8,3.37,1.68,0.0,5.05,23.32,3.37,12.26,26.44,36.3,25.0,92.79
7,426,1910,COLÉGIO ESTADUAL BRIGADEIRO EDUARDO GOMES,UE2020,416.0,331,195,58.91,83,25.08,53,16.01,56.25,43.75,70.19,22.84,2.64,3.61,0.72,6.97,25.96,1.44,11.54,25.0,42.31,21.15,93.03
7,427,1910,COLÉGIO ESTADUAL BRIGADEIRO EDUARDO GOMES,UE2020,410.0,322,198,61.49,80,24.84,44,13.66,53.66,46.34,70.0,23.66,3.66,2.2,0.49,6.34,22.2,2.68,16.59,29.51,34.15,19.76,91.71
7,428,1910,COLÉGIO ESTADUAL BRIGADEIRO EDUARDO GOMES,UE2020,412.0,334,214,64.07,72,21.56,48,14.37,59.47,40.53,75.97,19.66,2.91,1.21,0.24,4.37,28.16,1.94,12.14,35.44,38.11,14.32,92.23
7,429,1996,ESCOLA MUNICIPAL LUIZ ANSELMO,UE2020,354.0,290,178,61.38,77,26.55,35,12.07,58.47,41.53,62.43,30.79,3.95,2.26,0.56,6.78,35.03,3.95,7.06,32.2,39.27,21.47,96.05
7,430,1996,ESCOLA MUNICIPAL LUIZ ANSELMO,UE2020,352.0,298,180,60.4,70,23.49,48,16.11,60.51,39.49,62.22,30.97,5.4,1.42,0.0,6.82,36.65,1.7,8.52,33.81,38.35,19.32,96.59
7,431,1996,ESCOLA MUNICIPAL LUIZ ANSELMO,UE2020,350.0,294,173,58.84,85,28.91,36,12.24,61.14,38.86,62.57,29.43,6.29,1.14,0.57,8.0,39.43,2.29,10.57,27.71,41.71,20.0,98.29
7,432,1970,CENTRO MUNICIPAL DE EDUCAÇÃO INFANTIL LUIS EDUARDO MAGALHÃES,UE2020,395.0,314,210,66.88,60,19.11,44,14.01,58.99,41.01,65.57,26.08,4.81,3.29,0.25,8.35,13.42,6.08,12.41,17.47,37.22,32.91,91.9
7,433,1970,CENTRO MUNICIPAL DE EDUCAÇÃO INFANTIL LUIS EDUARDO MAGALHÃES,UE2020,395.0,316,199,62.97,64,20.25,53,16.77,52.15,47.85,60.25,30.38,5.32,2.78,1.27,9.37,11.65,3.29,10.89,16.96,36.71,35.44,91.39
7,434,1970,CENTRO MUNICIPAL DE EDUCAÇÃO INFANTIL LUIS EDUARDO MAGALHÃES,UE2020,392.0,305,215,70.49,51,16.72,39,12.79,54.59,45.41,69.13,25.77,3.57,1.28,0.26,5.1,13.78,5.36,13.01,18.62,44.13,24.23,92.09
7,435,1970,CENTRO MUNICIPAL DE EDUCAÇÃO INFANTIL LUIS EDUARDO MAGALHÃES,UE2020,388.0,327,207,63.3,73,22.32,47,14.37,52.06,47.94,72.16,22.94,3.61,1.29,0.0,4.9,16.75,3.61,8.25,14.69,62.37,14.69,92.27
7,436,1970,CENTRO MUNICIPAL DE EDUCAÇÃO INFANTIL LUIS EDUARDO MAGALHÃES,UE2020,390.0,311,195,62.7,70,22.51,46,14.79,59.49,40.51,71.79,23.85,2.31,1.79,0.26,4.36,16.67,2.56,8.72,17.18,61.28,12.82,93.59
7,437,1945,ESCOLA MUNICIPAL SANTA RITA,UE2020,412.0,350,205,58.57,103,29.43,42,12.0,56.55,43.45,57.52,33.74,5.1,2.43,1.21,8.74,48.06,1.7,6.55,22.82,42.23,28.4,94.66
7,438,1945,ESCOLA MUNICIPAL SANTA RITA,UE2020,408.0,328,191,58.23,95,28.96,42,12.8,54.17,45.83,58.09,33.58,5.39,2.45,0.49,8.33,41.42,2.94,6.86,25.0,39.71,28.43,96.08
7,439,1945,ESCOLA MUNICIPAL SANTA RITA,UE2020,417.0,348,202,58.05,101,29.02,45,12.93,51.32,48.68,58.51,34.29,4.08,2.88,0.24,7.19,43.88,1.68,8.15,27.1,35.25,29.5,94.72
7,440,1945,ESCOLA MUNICIPAL SANTA RITA,UE2020,414.0,357,217,60.78,90,25.21,50,14.01,55.31,44.69,58.45,32.61,6.04,2.66,0.24,8.94,41.06,2.17,7.49,19.32,43.72,29.47,96.38
7,441,1945,ESCOLA MUNICIPAL SANTA RITA,UE2020,412.0,335,184,54.93,100,29.85,51,15.22,53.88,46.12,62.38,29.13,5.34,2.43,0.73,8.5,47.33,0.97,8.74,27.18,41.75,22.33,93.45
7,442,1945,ESCOLA MUNICIPAL SANTA RITA,UE2020,411.0,342,184,53.8,106,30.99,52,15.2,53.04,46.96,60.1,32.36,4.62,2.19,0.73,7.54,44.77,2.92,6.81,27.25,41.12,24.82,97.08
7,443,1945,ESCOLA MUNICIPAL SANTA RITA,UE2020,411.0,342,193,56.43,101,29.53,48,14.04,54.5,45.5,58.15,34.79,4.14,2.19,0.73,7.06,45.99,1.22,7.3,26.28,39.9,26.52,95.86
7,444,1945,ESCOLA MUNICIPAL SANTA RITA,UE2020,416.0,354,212,59.89,85,24.01,57,16.1,55.77,44.23,63.46,29.57,3.85,2.64,0.48,6.97,46.63,2.4,6.25,25.0,47.36,21.39,96.63
7,445,1953,COLÉGIO BOM JESUS DOS MILAGRES,UE2020,429.0,336,185,55.06,111,33.04,40,11.9,56.64,43.36,59.67,32.4,5.13,2.8,0.0,7.93,35.66,3.26,9.09,20.05,34.03,36.83,93.47
7,446,1953,COLÉGIO BOM JESUS DOS MILAGRES,UE2020,432.0,334,203,60.78,87,26.05,44,13.17,58.8,41.2,57.18,33.1,6.94,2.78,0.0,9.72,35.88,1.62,9.72,21.53,35.19,33.56,94.44
7,447,1953,COLÉGIO BOM JESUS DOS MILAGRES,UE2020,430.0,343,200,58.31,88,25.66,55,16.03,58.84,41.16,61.63,28.37,6.74,2.33,0.93,10.0,30.0,2.56,7.21,20.23,36.51,36.05,93.72
7,448,1953,COLÉGIO BOM JESUS DOS MILAGRES,UE2020,435.0,343,206,60.06,92,26.82,45,13.12,54.48,45.52,64.14,27.13,5.29,2.76,0.69,8.74,32.64,2.53,10.8,17.24,39.31,32.64,93.1
7,449,1953,COLÉGIO BOM JESUS DOS MILAGRES,UE2020,434.0,343,224,65.31,78,22.74,41,11.95,60.14,39.86,62.9,29.49,4.15,2.76,0.69,7.6,37.33,1.38,9.68,20.51,46.08,23.73,94.01
7,450,1953,COLÉGIO BOM JESUS DOS MILAGRES,UE2020,428.0,348,210,60.34,85,24.43,53,15.23,52.57,47.43,63.55,25.93,5.14,4.67,0.7,10.51,42.06,1.17,8.41,19.63,45.56,26.4,93.93
7,451,1953,COLÉGIO BOM JESUS DOS MILAGRES,UE2020,430.0,361,203,56.23,109,30.19,49,13.57,55.12,44.88,66.98,26.51,3.49,2.09,0.93,6.51,39.77,1.4,9.53,23.95,42.33,24.19,92.79
7,452,1953,COLÉGIO BOM JESUS DOS MILAGRES,UE2020,432.0,355,214,60.28,82,23.1,59,16.62,58.56,41.44,63.19,28.01,5.79,2.78,0.23,8.8,42.82,1.62,8.33,28.47,36.81,26.39,93.06
7,453,1953,COLÉGIO BOM JESUS DOS MILAGRES,UE2020,427.0,339,197,58.11,83,24.48,59,17.4,57.61,42.39,74.47,18.5,4.22,1.87,0.94,7.03,38.17,1.41,9.13,42.39,27.63,20.84,92.74
7,454,1848,COLÉGIO MEDITERRÂNEO,UE2020,443.0,376,212,56.38,128,34.04,36,9.57,58.69,41.31,39.73,47.86,8.13,2.93,1.35,12.42,60.95,0.68,5.64,17.83,46.73,29.8,96.61
7,455,1848,COLÉGIO MEDITERRÂNEO,UE2020,442.0,370,196,52.97,129,34.86,45,12.16,57.47,42.53,44.57,45.48,5.88,3.17,0.9,9.95,61.31,0.0,5.43,16.97,47.51,30.09,97.74
7,456,1970,CENTRO MUNICIPAL DE EDUCAÇÃO INFANTIL LUIS EDUARDO MAGALHÃES,UE2020,396.0,318,207,65.09,46,14.47,65,20.44,61.11,38.89,69.19,23.99,3.54,3.03,0.25,6.82,14.9,3.79,5.56,20.96,46.72,26.77,93.43
7,457,2011,INSTITUTO EDUCACIONAL DO SALVADOR,UE2020,389.0,324,209,64.51,66,20.37,49,15.12,61.18,38.82,69.41,23.65,4.11,2.57,0.26,6.94,9.77,4.63,8.74,24.94,42.93,23.39,95.12
7,458,1970,CENTRO MUNICIPAL DE EDUCAÇÃO INFANTIL LUIS EDUARDO MAGALHÃES,UE2020,396.0,306,205,66.99,51,16.67,50,16.34,62.37,37.63,70.45,22.73,3.28,2.27,1.26,6.82,10.35,6.57,3.28,21.97,49.24,25.51,96.21
7,459,1848,COLÉGIO MEDITERRÂNEO,UE2020,445.0,355,211,59.44,100,28.17,44,12.39,62.7,37.3,48.99,43.37,5.39,1.8,0.45,7.64,60.45,0.67,6.52,19.33,45.17,28.99,96.4
7,460,2011,INSTITUTO EDUCACIONAL DO SALVADOR,UE2020,391.0,315,204,64.76,64,20.32,47,14.92,61.64,38.36,72.12,23.53,1.53,2.56,0.26,4.35,8.95,4.09,7.16,24.55,46.04,22.25,96.16
7,461,1970,CENTRO MUNICIPAL DE EDUCAÇÃO INFANTIL LUIS EDUARDO MAGALHÃES,UE2020,393.0,326,218,66.87,59,18.1,49,15.03,57.76,42.24,75.06,20.1,2.54,2.04,0.25,4.83,9.41,3.56,3.82,27.99,47.84,20.36,94.91
7,462,1848,COLÉGIO MEDITERRÂNEO,UE2020,443.0,370,215,58.11,115,31.08,40,10.81,56.43,43.57,52.14,40.63,3.84,2.03,1.35,7.22,56.43,0.68,5.42,22.8,45.82,25.96,98.19
7,463,2011,INSTITUTO EDUCACIONAL DO SALVADOR,UE2020,397.0,314,207,65.92,65,20.7,42,13.38,56.93,43.07,75.06,20.4,2.02,2.52,0.0,4.53,9.32,6.55,6.05,27.96,42.82,23.17,97.48
7,464,1848,COLÉGIO MEDITERRÂNEO,UE2020,442.0,376,194,51.6,131,34.84,51,13.56,57.24,42.76,47.51,44.8,4.98,1.81,0.9,7.69,56.11,0.45,6.79,20.14,46.38,26.7,98.19
7,465,2011,INSTITUTO EDUCACIONAL DO SALVADOR,UE2020,397.0,327,218,66.67,54,16.51,55,16.82,54.16,45.84,75.31,21.91,1.51,1.26,0.0,2.77,11.34,5.54,5.54,26.7,51.39,16.37,95.97
7,466,1970,CENTRO MUNICIPAL DE EDUCAÇÃO INFANTIL LUIS EDUARDO MAGALHÃES,UE2020,395.0,323,234,72.45,57,17.65,32,9.91,55.44,44.56,74.43,20.51,2.78,2.03,0.25,5.06,16.71,5.82,5.06,30.13,43.54,21.27,96.96
7,467,2011,INSTITUTO EDUCACIONAL DO SALVADOR,UE2020,391.0,309,198,64.08,72,23.3,39,12.62,56.52,43.48,74.68,20.97,2.56,1.28,0.51,4.35,9.97,4.35,8.18,28.39,47.31,16.11,96.16
7,468,2011,INSTITUTO EDUCACIONAL DO SALVADOR,UE2020,398.0,315,214,67.94,67,21.27,34,10.79,49.75,50.25,75.13,20.6,2.26,1.51,0.5,4.27,7.54,9.8,8.04,37.19,39.7,15.08,97.99
7,469,1970,CENTRO MUNICIPAL DE EDUCAÇÃO INFANTIL LUIS EDUARDO MAGALHÃES,UE2020,394.0,314,188,59.87,75,23.89,51,16.24,49.49,50.51,81.47,14.97,2.54,0.76,0.25,3.55,9.14,4.82,11.68,34.77,38.83,14.72,92.64
7,473,1970,CENTRO MUNICIPAL DE EDUCAÇÃO INFANTIL LUIS EDUARDO MAGALHÃES,UE2020,393.0,314,199,63.38,58,18.47,57,18.15,54.45,45.55,89.57,8.91,1.27,0.25,0.0,1.53,6.11,2.29,60.81,19.08,16.28,3.82,36.13
7,475,1740,ESCOLA RUY DE LIMA MALTEZ,UE2020,50.0,0,0,0.0,0,0.0,0,0.0,44.0,56.0,76.0,20.0,2.0,0.0,2.0,4.0,28.0,4.0,34.0,32.0,22.0,12.0,100.0
7,476,1848,COLÉGIO MEDITERRÂNEO,UE2020,186.0,177,93,52.54,60,33.9,24,13.56,56.45,43.55,65.05,31.18,1.61,1.08,1.08,3.76,44.62,0.54,36.56,23.12,29.03,11.29,100.0
7,477,1970,CENTRO MUNICIPAL DE EDUCAÇÃO INFANTIL LUIS EDUARDO MAGALHÃES,UE2020,296.0,259,200,77.22,23,8.88,36,13.9,54.73,45.27,84.46,11.82,2.36,0.68,0.68,3.72,10.81,1.35,45.95,18.24,28.04,7.77,100.0
7,478,1813,ESCOLA EXPERIMENTAL,UE2020,198.0,187,117,62.57,51,27.27,19,10.16,58.59,41.41,73.23,21.72,4.55,0.0,0.51,5.05,45.96,0.51,34.34,23.23,32.32,10.1,100.0
7,479,2011,INSTITUTO EDUCACIONAL DO SALVADOR,UE2020,21.0,0,0,0.0,0,0.0,0,0.0,71.43,28.57,85.71,14.29,0.0,0.0,0.0,0.0,4.76,0.0,52.38,19.05,19.05,9.52,100.0
