NR_LOCAL_VOTACAO,NM_LOCAL_VOTACAO,QTD_SECOES,TOTAL_ELEITORES,TOTAL_VOTOS,VOTOS_LULA,PCT_LULA,VOTOS_BOLSONARO,PCT_BOLSONARO,VOTOS_OUTROS,PCT_OUTROS,URNAS_UE2015,URNAS_UE2020,PCT_URNAS_UE2015,PCT_FEM,PCT_MASC,PCT_SOLTEIROS,PCT_CASADOS,PCT_DIV_SEP_VIUVO,PCT_SUPERIOR,PCT_BAIXA_ESCOLARIDADE,PCT_JOVENS_16_24,PCT_ADULTOS_25_39,PCT_ADULTOS_40_59,PCT_IDOSOS_60_MAIS
1309,INSTITUTO DE EDUCAÇÃO ÍSAIAS ALVES - ICEIA,29,10256.0,8225.0,5029.0,61.14,2122.0,25.8,1074.0,13.06,0.0,29.0,0.0,54.56,45.44,69.54,23.07,7.39,29.04,2.67,8.16,26.35,39.15,26.35
1376,CENTRO ESTADUAL DE EDUCAÇÃO PROFISSIONAL EM GESTÃO SEVERINO VIEIRA,21,7931.0,6359.0,3825.0,60.15,1757.0,27.63,777.0,12.22,0.0,21.0,0.0,55.65,44.35,63.47,26.82,9.71,42.55,1.56,6.47,22.65,37.18,33.7
1015,COLÉGIO DA BAHIA (CENTRAL),25,7721.0,6256.0,3970.0,63.46,1530.0,24.46,756.0,12.08,0.0,25.0,0.0,54.64,45.36,69.9,21.15,8.95,36.52,2.25,8.0,25.51,35.53,30.95
1880,COLÉGIO ESTADUAL COSME DE FARIAS,14,6213.0,4764.0,3147.0,66.06,943.0,19.79,674.0,14.15,0.0,14.0,0.0,53.4,46.6,71.11,22.82,6.07,9.79,4.94,8.79,24.77,39.4,27.04
1970,CENTRO MUNICIPAL DE EDUCAÇÃO INFANTIL LUIS EDUARDO MAGALHÃES,16,6205.0,5012.0,3339.0,66.62,915.0,18.26,758.0,15.12,0.0,16.0,0.0,55.87,44.13,74.08,21.08,4.83,11.48,4.59,12.7,27.46,40.6,19.24
1830,COLÉGIO ESTADUAL FREDERICO COSTA,13,5658.0,4541.0,2569.0,56.57,1380.0,30.39,592.0,13.04,0.0,13.0,0.0,53.64,46.36,57.88,33.24,8.87,50.23,1.1,10.67,22.62,38.95,27.75
1813,ESCOLA EXPERIMENTAL,12,5046.0,4125.0,2369.0,57.43,1212.0,29.38,544.0,13.19,0.0,12.0,0.0,57.09,42.91,55.83,35.1,9.08,56.14,0.77,7.41,25.9,37.95,28.74
1414,"INSTITUTO FEDERAL DE EDUCAÇÃO, CIÊNCIA E TECNOLOGIA DA BAHIA (IFBA)",20,5002.0,4239.0,2612.0,61.62,1085.0,25.6,542.0,12.79,0.0,20.0,0.0,56.48,43.52,63.24,27.69,9.07,38.74,2.08,6.92,23.57,37.09,32.43
1910,COLÉGIO ESTADUAL BRIGADEIRO EDUARDO GOMES,12,4965.0,3980.0,2431.0,61.08,963.0,24.2,586.0,14.72,0.0,12.0,0.0,54.16,45.84,70.8,23.04,6.16,24.51,2.46,13.11,27.71,35.75,23.42
2003,CMEI-CENTRO MUNICIPAL DE EDUCAÇÃO INFANTIL LUIZ ANSELMO,11,4374.0,3482.0,2255.0,64.76,719.0,20.65,508.0,14.59,0.0,11.0,0.0,55.65,44.35,74.42,21.29,4.3,9.05,6.36,8.62,28.1,44.06,19.23
1252,FUNDAÇÃO VISCONDE DE CAYRU,11,3945.0,3204.0,1933.0,60.33,858.0,26.78,413.0,12.89,0.0,11.0,0.0,55.46,44.54,65.25,24.79,9.96,44.89,1.39,6.39,22.61,37.19,33.81
1953,COLÉGIO BOM JESUS DOS MILAGRES,9,3877.0,3102.0,1842.0,59.38,815.0,26.27,445.0,14.35,0.0,9.0,0.0,56.98,43.02,63.73,27.73,8.54,37.14,1.88,9.1,23.76,38.17,28.96
1848,COLÉGIO MEDITERRÂNEO,9,3727.0,3148.0,1730.0,54.96,1017.0,32.31,401.0,12.74,0.0,9.0,0.0,57.39,42.61,49.96,41.97,8.07,56.59,0.43,7.76,23.02,42.55,26.67
1945,ESCOLA MUNICIPAL SANTA RITA,8,3301.0,2756.0,1588.0,57.62,781.0,28.34,387.0,14.04,0.0,8.0,0.0,54.32,45.68,59.59,32.51,7.91,44.89,2.0,7.27,24.99,41.38,26.36
1996,ESCOLA MUNICIPAL LUIZ ANSELMO,9,3160.0,2643.0,1662.0,62.88,628.0,23.76,353.0,13.36,0.0,9.0,0.0,55.35,44.65,64.37,28.67,6.96,27.53,3.77,6.27,24.81,45.25,23.67
2011,INSTITUTO EDUCACIONAL DO SALVADOR,7,2384.0,1904.0,1250.0,65.65,388.0,20.38,266.0,13.97,0.0,7.0,0.0,56.8,43.2,73.74,21.77,4.49,9.44,5.79,7.68,28.23,44.8,19.29
1082,ESCOLA TEIXEIRA DE FREITAS,7,2373.0,1958.0,1185.0,60.52,548.0,27.99,225.0,11.49,0.0,7.0,0.0,56.81,43.19,67.89,24.1,8.01,38.09,1.31,7.29,25.83,37.46,29.42
1856,ESCOLA LÉLIS PIEDADE,5,2222.0,1791.0,1174.0,65.55,341.0,19.04,276.0,15.41,0.0,5.0,0.0,55.22,44.78,72.05,22.23,5.71,12.06,4.68,10.17,20.03,47.44,22.37
1791,ESCOLA MUNICIPAL MARIA QUITÉRIA,7,2188.0,1830.0,1066.0,58.25,521.0,28.47,243.0,13.28,0.0,7.0,0.0,57.59,42.41,58.41,31.67,9.92,39.31,2.28,6.67,22.67,35.65,35.01
1740,ESCOLA RUY DE LIMA MALTEZ,4,1241.0,1002.0,561.0,55.99,304.0,30.34,137.0,13.67,0.0,4.0,0.0,56.33,43.67,57.45,32.64,9.91,43.76,1.93,5.8,20.55,36.58,37.07
