NR_ZONA,NM_MUNICIPIO,TOTAL_SECOES,SECOES_UE2015,SECOES_UE2020,TOTAL_VOTOS,VOTOS_POR_MINUTO,TEMPO_MEDIO_SEG,TEMPO_MEDIO_MIN,TEMPO_MIN_SEG,TEMPO_MAX_SEG,TEMPO_MEDIANO_SEG,TEMPO_MEDIO_UE2015_SEG,TEMPO_MEDIO_UE2020_SEG
1,SALVADOR,225,0.0,225.0,60444.0,0.499,61.1,1.02,3.0,878.0,50.0,0.0,61.1
2,SALVADOR,257,0.0,257.0,70599.0,0.504,62.0,1.03,3.0,890.0,51.0,0.0,62.0
3,SALVADOR,279,0.0,279.0,85530.0,0.551,63.4,1.06,5.0,899.0,52.0,0.0,63.4
4,SALVADOR,317,0.0,317.0,95642.0,0.529,67.1,1.12,6.0,803.0,55.0,0.0,67.1
5,SALVADOR,232,0.0,232.0,67719.0,0.532,62.9,1.05,3.0,876.0,51.0,0.0,62.9
6,SALVADOR,242,0.0,242.0,75543.0,0.573,59.5,0.99,4.0,872.0,49.0,0.0,59.5
7,SALVADOR,247,0.0,247.0,74239.0,0.548,60.6,1.01,4.0,844.0,50.0,0.0,60.6
8,SALVADOR,287,0.0,287.0,84446.0,0.526,65.9,1.1,5.0,882.0,53.0,0.0,65.9
9,SALVADOR,257,0.0,257.0,76380.0,0.537,62.5,1.04,4.0,830.0,51.0,0.0,62.5
10,SALVADOR,336,0.0,336.0,111886.0,0.602,57.4,0.96,3.0,883.0,47.0,0.0,57.4
11,SALVADOR,287,0.0,287.0,92808.0,0.566,63.8,1.06,7.0,877.0,52.0,0.0,63.8
12,SALVADOR,284,0.0,284.0,94096.0,0.581,61.3,1.02,8.0,738.0,51.0,0.0,61.3
13,SALVADOR,273,0.0,273.0,86537.0,0.58,57.4,0.96,4.0,888.0,48.0,0.0,57.4
14,SALVADOR,285,0.0,285.0,89515.0,0.561,63.5,1.06,4.0,893.0,51.0,0.0,63.5
15,SALVADOR,250,0.0,250.0,70704.0,0.514,65.5,1.09,5.0,732.0,53.0,0.0,65.5
16,SALVADOR,268,0.0,268.0,81817.0,0.549,63.5,1.06,4.0,898.0,51.5,0.0,63.5
17,SALVADOR,263,0.0,263.0,81817.0,0.551,65.2,1.09,6.0,833.0,53.0,0.0,65.2
18,SALVADOR,214,0.0,214.0,60140.0,0.515,63.4,1.06,3.0,792.0,52.0,0.0,63.4
19,SALVADOR,321,0.0,321.0,101429.0,0.558,63.3,1.05,6.0,893.0,52.0,0.0,63.3
21,ESPLANADA,182,0.0,182.0,45742.0,0.442,80.6,1.34,7.0,892.0,61.3,0.0,80.6
22,JEQUIÉ,239,0.0,239.0,64402.0,0.473,74.6,1.24,4.0,853.0,56.0,0.0,74.6
23,JEQUIÉ,197,0.0,197.0,51960.0,0.472,75.1,1.25,6.0,876.0,57.0,0.0,75.1
24,IBIRATAIA,216,0.0,216.0,47289.0,0.398,82.1,1.37,11.0,889.0,61.3,0.0,82.1
25,ILHÉUS,176,0.0,176.0,43437.0,0.453,73.5,1.22,5.0,846.0,56.0,0.0,73.5
26,ILHÉUS,233,0.0,233.0,60124.0,0.465,71.7,1.2,4.0,876.0,56.0,0.0,71.7
27,ITABUNA,267,0.0,267.0,68401.0,0.467,71.7,1.2,3.0,900.0,55.0,0.0,71.7
28,ITABUNA,230,0.0,230.0,56576.0,0.451,71.1,1.19,4.0,822.0,54.5,0.0,71.1
29,IBICARAÍ,102,0.0,102.0,23779.0,0.415,83.4,1.39,19.0,878.0,63.0,0.0,83.4
30,JAGUARIPE,194,194.0,0.0,49126.0,0.441,81.4,1.36,5.0,893.0,65.0,81.4,0.0
31,VALENÇA,241,241.0,0.0,64954.0,0.456,81.5,1.36,16.0,891.0,62.0,81.5,0.0
32,TAPEROÁ,173,173.0,0.0,40409.0,0.4,87.2,1.45,21.0,891.0,67.5,87.2,0.0
33,SIMÕES FILHO,259,259.0,0.0,70280.0,0.475,72.1,1.2,16.0,877.0,57.0,72.1,0.0
34,BELMONTE,55,0.0,55.0,11427.0,0.383,84.2,1.4,20.0,855.0,65.0,0.0,84.2
35,MUCURI,199,0.0,199.0,44972.0,0.411,79.5,1.33,10.0,895.0,60.0,0.0,79.5
36,AMARGOSA,179,0.0,179.0,44480.0,0.442,78.3,1.3,20.0,897.0,60.0,0.0,78.3
37,MARACÁS,157,0.0,157.0,34407.0,0.398,82.8,1.38,17.0,892.0,62.5,0.0,82.8
38,SANTA INÊS,99,0.0,99.0,22440.0,0.42,81.1,1.35,19.0,897.0,62.5,0.0,81.1
39,VITÓRIA DA CONQUISTA,292,0.0,292.0,85873.0,0.52,66.1,1.1,5.0,895.0,51.0,0.0,66.1
40,VITÓRIA DA CONQUISTA,245,0.0,245.0,57240.0,0.404,82.8,1.38,7.0,861.0,63.0,0.0,82.8
41,VITÓRIA DA CONQUISTA,308,0.0,308.0,89186.0,0.507,61.8,1.03,3.0,880.0,49.5,0.0,61.8
42,ITABERABA,217,0.0,217.0,54621.0,0.439,79.7,1.33,15.0,896.0,59.0,0.0,79.7
43,RAFAEL JAMBEIRO,143,0.0,143.0,33766.0,0.414,84.1,1.4,20.0,889.0,64.0,0.0,84.1
44,SÁTIRO DIAS,177,0.0,177.0,44528.0,0.425,83.4,1.39,14.0,886.0,63.0,0.0,83.4
45,SENHOR DO BONFIM,218,0.0,218.0,54982.0,0.44,77.9,1.3,9.0,886.0,59.0,0.0,77.9
46,JACOBINA,229,0.0,229.0,58311.0,0.445,77.8,1.3,15.0,866.0,59.0,0.0,77.8
47,JUAZEIRO,234,0.0,234.0,62905.0,0.474,70.2,1.17,4.0,803.0,55.0,0.0,70.2
48,JUAZEIRO,261,0.0,261.0,73922.0,0.481,74.3,1.24,3.0,894.0,58.0,0.0,74.3
49,JANDAÍRA,127,0.0,127.0,30959.0,0.425,79.8,1.33,5.0,828.0,61.0,0.0,79.8
50,CANSANÇÃO,259,0.0,259.0,57757.0,0.375,87.9,1.47,9.0,888.0,68.0,0.0,87.9
51,JEREMOABO,173,173.0,0.0,40436.0,0.405,86.2,1.44,6.0,892.0,67.0,86.2,0.0
52,CORONEL JOÃO SÁ,180,0.0,180.0,41653.0,0.417,79.0,1.32,8.0,879.0,60.0,0.0,79.0
53,CAMPO FORMOSO,243,0.0,243.0,54861.0,0.401,83.4,1.39,19.0,888.0,63.0,0.0,83.4
54,TAPIRAMUTÁ,141,0.0,141.0,31657.0,0.408,83.7,1.4,9.0,865.0,63.5,0.0,83.7
55,MULUNGU DO MORRO,214,0.0,214.0,50593.0,0.421,83.0,1.38,19.0,881.0,64.0,0.0,83.0
56,SANTO ANTÔNIO DE JESUS,145,0.0,145.0,39424.0,0.481,71.4,1.19,16.0,843.0,54.5,0.0,71.4
58,ITUAÇU,163,0.0,163.0,40063.0,0.413,83.5,1.39,15.0,853.0,63.0,0.0,83.5
59,BOA NOVA,236,0.0,236.0,52749.0,0.4,82.8,1.38,10.0,887.0,63.0,0.0,82.8
60,PRESIDENTE JÂNIO QUADROS,119,0.0,119.0,24642.0,0.372,86.9,1.45,19.0,881.0,65.0,0.0,86.9
61,CORIBE,132,132.0,0.0,30005.0,0.388,92.4,1.54,14.0,898.0,69.0,92.4,0.0
62,IPIRÁ,184,0.0,184.0,43650.0,0.418,83.8,1.4,16.0,890.0,62.0,0.0,83.8
63,CAETITÉ,175,0.0,175.0,43874.0,0.434,80.2,1.34,14.0,884.0,62.0,0.0,80.2
64,GUANAMBI,228,0.0,228.0,64619.0,0.492,72.6,1.21,12.0,869.0,55.0,0.0,72.6
65,MACAÚBAS,255,0.0,255.0,49089.0,0.348,87.3,1.45,9.0,894.0,68.0,0.0,87.3
66,CASA NOVA,245,0.0,245.0,62941.0,0.438,81.6,1.36,7.0,853.0,63.0,0.0,81.6
67,CAMPO ALEGRE DE LOURDES,192,0.0,192.0,44736.0,0.402,85.7,1.43,9.0,864.0,69.0,0.0,85.7
68,GENTIO DO OURO,201,0.0,201.0,44315.0,0.388,84.2,1.4,10.0,864.0,66.0,0.0,84.2
69,BONITO,106,0.0,106.0,25777.0,0.416,81.4,1.36,20.0,898.0,62.0,0.0,81.4
70,BARREIRAS,174,0.0,174.0,48928.0,0.5,67.0,1.12,4.0,887.0,52.8,0.0,67.0
71,BOM JESUS DA LAPA,288,288.0,0.0,70527.0,0.412,85.4,1.42,9.0,899.0,67.0,85.4,0.0
72,SANTA MARIA DA VITÓRIA,153,153.0,0.0,35182.0,0.402,85.5,1.42,14.0,870.0,65.0,85.5,0.0
73,UBAITABA,96,0.0,96.0,21630.0,0.41,86.2,1.44,8.0,858.0,63.0,0.0,86.2
74,IRARÁ,190,190.0,0.0,44483.0,0.412,83.2,1.39,20.0,854.0,64.3,83.2,0.0
75,BARREIRAS,151,0.0,151.0,39845.0,0.464,73.8,1.23,4.0,899.0,57.0,0.0,73.8
76,JAGUAQUARA,159,0.0,159.0,37166.0,0.417,82.4,1.37,18.0,880.0,62.0,0.0,82.4
77,BARRA,192,0.0,192.0,41644.0,0.375,89.3,1.49,15.0,897.0,71.3,0.0,89.3
78,MARAÚ,136,136.0,0.0,30923.0,0.393,92.2,1.54,17.0,877.0,70.3,92.2,0.0
79,CIPÓ,160,0.0,160.0,38497.0,0.419,85.2,1.42,16.0,900.0,64.0,0.0,85.2
80,TUCANO,133,0.0,133.0,33415.0,0.437,80.6,1.34,16.0,879.0,60.0,0.0,80.6
81,OLINDINA,197,0.0,197.0,47757.0,0.416,85.5,1.43,8.0,851.0,66.0,0.0,85.5
82,CÍCERO DANTAS,188,0.0,188.0,48664.0,0.443,82.3,1.37,12.0,898.0,62.0,0.0,82.3
83,CANUDOS,133,0.0,133.0,28889.0,0.394,84.7,1.41,11.0,871.0,65.0,0.0,84.7
84,GLÓRIA,178,178.0,0.0,43158.0,0.413,85.0,1.42,9.0,860.0,64.8,85.0,0.0
85,CURAÇÁ,96,0.0,96.0,23089.0,0.407,82.1,1.37,10.0,891.0,64.0,0.0,82.1
86,VÁRZEA DA ROÇA,143,0.0,143.0,31654.0,0.396,85.9,1.43,13.0,866.0,65.0,0.0,85.9
87,MACAJUBA,124,0.0,124.0,28966.0,0.415,83.8,1.4,14.0,881.0,63.0,0.0,83.8
88,NOVO HORIZONTE,205,0.0,205.0,47312.0,0.409,80.1,1.34,18.0,859.0,62.5,0.0,80.1
89,PALMEIRAS,111,0.0,111.0,28390.0,0.445,78.1,1.3,16.0,842.0,60.0,0.0,78.1
90,ARACATU,242,0.0,242.0,61741.0,0.452,73.8,1.23,7.0,878.0,57.0,0.0,73.8
91,MACARANI,65,0.0,65.0,15348.0,0.414,85.7,1.43,17.0,812.0,63.0,0.0,85.7
92,JACARACI,72,0.0,72.0,16726.0,0.403,88.6,1.48,3.0,898.0,67.0,0.0,88.6
93,RIO DO ANTÔNIO,153,0.0,153.0,35997.0,0.415,82.4,1.37,17.0,891.0,62.5,0.0,82.4
94,OLIVEIRA DOS BREJINHOS,136,0.0,136.0,29214.0,0.382,86.4,1.44,8.0,876.0,67.0,0.0,86.4
95,SÃO GABRIEL,279,0.0,279.0,66772.0,0.429,75.0,1.25,8.0,883.0,57.0,0.0,75.0
96,SENTO SÉ,103,0.0,103.0,24632.0,0.411,82.4,1.37,9.0,826.0,63.0,0.0,82.4
97,MANSIDÃO,117,0.0,117.0,24822.0,0.384,88.2,1.47,11.0,854.0,66.0,0.0,88.2
98,COTEGIPE,109,0.0,109.0,25589.0,0.409,83.9,1.4,8.0,806.0,66.0,0.0,83.9
99,CANÁPOLIS,99,99.0,0.0,23924.0,0.403,87.4,1.46,22.0,872.0,67.0,87.4,0.0
100,SÃO DESIDÉRIO,109,0.0,109.0,26080.0,0.427,80.2,1.34,7.0,759.0,62.0,0.0,80.2
101,LIVRAMENTO DE NOSSA SENHORA,222,0.0,222.0,54120.0,0.425,80.1,1.34,16.0,866.0,62.0,0.0,80.1
102,EUCLIDES DA CUNHA,219,0.0,219.0,54617.0,0.417,83.8,1.4,15.0,872.0,63.0,0.0,83.8
103,MIGUEL CALMON,102,0.0,102.0,21895.0,0.392,86.2,1.44,6.0,884.0,63.5,0.0,86.2
104,IBITITÁ,148,0.0,148.0,32049.0,0.385,80.8,1.35,17.0,869.0,62.0,0.0,80.8
105,ABAÍRA,150,0.0,150.0,27295.0,0.327,91.1,1.52,8.0,900.0,67.5,0.0,91.1
106,NORDESTINA,102,0.0,102.0,25100.0,0.422,85.4,1.42,18.0,860.0,65.0,0.0,85.4
107,ITATIM,98,0.0,98.0,24590.0,0.445,79.1,1.32,8.0,870.0,60.3,0.0,79.1
108,SÃO GONÇALO DOS CAMPOS,149,149.0,0.0,39143.0,0.451,78.7,1.31,16.0,896.0,63.0,78.7,0.0
109,JIQUIRIÇÁ,156,0.0,156.0,39852.0,0.446,81.1,1.35,15.0,892.0,61.0,0.0,81.1
110,BANZAÊ,223,0.0,223.0,54848.0,0.436,80.5,1.34,10.0,897.0,62.0,0.0,80.5
111,PARAMIRIM,163,0.0,163.0,33858.0,0.371,87.2,1.45,7.0,883.0,66.0,0.0,87.2
112,PRADO,182,0.0,182.0,47046.0,0.436,81.0,1.35,7.0,894.0,63.0,0.0,81.0
113,MATINA,109,109.0,0.0,26423.0,0.413,85.6,1.43,7.0,882.0,65.0,85.6,0.0
114,RIACHÃO DO JACUÍPE,164,0.0,164.0,40229.0,0.421,83.8,1.4,5.0,897.0,61.0,0.0,83.8
115,PINDOBAÇU,123,0.0,123.0,28541.0,0.41,82.6,1.38,17.0,883.0,64.0,0.0,82.6
116,CANAVIEIRAS,154,0.0,154.0,31189.0,0.372,85.5,1.42,19.0,841.0,64.3,0.0,85.5
117,PINDAÍ,117,0.0,117.0,30232.0,0.439,79.7,1.33,18.0,898.0,61.5,0.0,79.7
118,MARAGOGIPE,245,0.0,245.0,57658.0,0.424,79.8,1.33,13.0,737.0,64.0,0.0,79.8
119,MUCUGÊ,132,0.0,132.0,29782.0,0.398,85.0,1.42,7.0,839.0,66.0,0.0,85.0
120,VALENTE,102,0.0,102.0,24241.0,0.431,77.5,1.29,6.0,885.0,57.0,0.0,77.5
121,PORTO SEGURO,178,0.0,178.0,42402.0,0.436,72.9,1.21,3.0,872.0,58.0,0.0,72.9
122,PORTO SEGURO,227,0.0,227.0,64785.0,0.493,71.7,1.19,3.0,881.0,57.0,0.0,71.7
123,ARACI,193,193.0,0.0,45876.0,0.406,89.7,1.49,23.0,883.0,69.0,89.7,0.0
124,CORRENTINA,94,94.0,0.0,22159.0,0.391,89.1,1.48,19.0,900.0,67.0,89.1,0.0
125,FEIRA DA MATA,136,0.0,136.0,33010.0,0.41,84.1,1.4,20.0,892.0,65.0,0.0,84.1
126,ANGICAL,139,0.0,139.0,30491.0,0.391,88.1,1.47,19.0,879.0,65.0,0.0,88.1
127,CANDEIAS,191,191.0,0.0,49951.0,0.46,74.2,1.24,17.0,899.0,59.0,74.2,0.0
128,SÃO SEBASTIÃO DO PASSÉ,140,140.0,0.0,34559.0,0.444,77.7,1.3,6.0,839.0,61.0,77.7,0.0
129,CATU,127,0.0,127.0,33588.0,0.483,70.7,1.18,6.0,839.0,56.0,0.0,70.7
130,TEODORO SAMPAIO,112,112.0,0.0,29298.0,0.451,81.3,1.35,21.0,841.0,63.0,81.3,0.0
131,MURITIBA,179,0.0,179.0,44312.0,0.446,76.2,1.27,14.0,874.0,59.0,0.0,76.2
132,CONCEIÇÃO DO COITÉ,205,0.0,205.0,51454.0,0.44,78.5,1.31,15.0,888.0,60.0,0.0,78.5
133,CAMACAN,156,0.0,156.0,33538.0,0.386,86.3,1.44,18.0,884.0,64.0,0.0,86.3
134,UBATÃ,103,0.0,103.0,23334.0,0.414,85.6,1.43,19.0,837.0,64.5,0.0,85.6
135,COARACI,97,0.0,97.0,20590.0,0.388,84.8,1.41,21.0,858.0,64.0,0.0,84.8
136,ITAJUÍPE,77,0.0,77.0,17295.0,0.404,82.3,1.37,20.0,887.0,61.0,0.0,82.3
137,ITORORÓ,95,0.0,95.0,21257.0,0.409,83.4,1.39,19.0,899.0,62.0,0.0,83.4
138,POTIRAGUÁ,76,0.0,76.0,16852.0,0.396,85.6,1.43,20.0,900.0,65.0,0.0,85.6
139,BARRA DO CHOÇA,187,0.0,187.0,39738.0,0.396,80.8,1.35,15.0,845.0,61.0,0.0,80.8
140,ITAPETINGA,159,0.0,159.0,38525.0,0.44,72.8,1.21,15.0,879.0,56.0,0.0,72.8
141,VERA CRUZ,171,171.0,0.0,44878.0,0.456,77.0,1.28,18.0,697.0,64.0,77.0,0.0
142,CRUZ DAS ALMAS,211,0.0,211.0,54419.0,0.468,71.6,1.19,17.0,890.0,56.0,0.0,71.6
143,ANTÔNIO CARDOSO,206,206.0,0.0,54099.0,0.441,83.1,1.39,19.0,891.0,64.8,83.1,0.0
144,ENTRE RIOS,127,0.0,127.0,29727.0,0.424,79.8,1.33,7.0,887.0,60.5,0.0,79.8
145,SANTALUZ,104,0.0,104.0,26394.0,0.434,79.5,1.32,8.0,884.0,59.5,0.0,79.5
146,IGUAÍ,139,0.0,139.0,31513.0,0.403,85.5,1.42,17.0,898.0,63.5,0.0,85.5
147,ITAGIBÁ,121,0.0,121.0,27974.0,0.417,85.2,1.42,20.0,865.0,64.0,0.0,85.2
148,VEREDA,73,0.0,73.0,16031.0,0.388,87.4,1.46,10.0,810.0,66.0,0.0,87.4
149,PONTO NOVO,191,0.0,191.0,47586.0,0.428,81.7,1.36,15.0,878.0,64.5,0.0,81.7
150,BIRITINGA,313,313.0,0.0,74811.0,0.413,82.9,1.38,17.0,897.0,64.0,82.9,0.0
151,PIRAÍ DO NORTE,145,145.0,0.0,33794.0,0.406,89.0,1.48,20.0,868.0,66.0,89.0,0.0
152,ENCRUZILHADA,83,0.0,83.0,18549.0,0.39,86.1,1.43,18.0,804.0,67.5,0.0,86.1
153,MEDEIROS NETO,110,0.0,110.0,23943.0,0.384,86.0,1.43,14.0,875.0,64.0,0.0,86.0
154,FEIRA DE SANTANA,314,314.0,0.0,96830.0,0.523,69.2,1.15,6.0,877.0,55.8,69.2,0.0
155,FEIRA DE SANTANA,338,338.0,0.0,87675.0,0.464,72.2,1.2,4.0,870.0,56.0,72.2,0.0
156,FEIRA DE SANTANA,338,338.0,0.0,100637.0,0.515,73.3,1.22,7.0,872.0,57.0,73.3,0.0
157,FEIRA DE SANTANA,324,324.0,0.0,96300.0,0.499,73.2,1.22,6.0,863.0,58.0,73.2,0.0
158,CHORROCHÓ,122,122.0,0.0,31184.0,0.41,90.0,1.5,8.0,871.0,69.0,90.0,0.0
159,JUSSARA,145,0.0,145.0,32662.0,0.392,82.9,1.38,14.0,815.0,65.0,0.0,82.9
160,LAMARÃO,117,117.0,0.0,29232.0,0.421,86.6,1.44,13.0,836.0,67.0,86.6,0.0
161,ANAGÉ,112,0.0,112.0,26807.0,0.401,85.0,1.42,7.0,896.0,65.0,0.0,85.0
162,SÃO FRANCISCO DO CONDE,157,157.0,0.0,39391.0,0.449,73.9,1.23,19.0,816.0,60.0,73.9,0.0
163,ARAMARI,401,0.0,401.0,97985.0,0.446,70.7,1.18,3.0,809.0,56.0,0.0,70.7
166,BUERAREMA,85,0.0,85.0,18767.0,0.4,90.1,1.5,18.0,888.0,67.0,0.0,90.1
167,OUROLÂNDIA,152,0.0,152.0,37266.0,0.421,84.7,1.41,19.0,900.0,66.0,0.0,84.7
168,TANQUE NOVO,116,116.0,0.0,29553.0,0.426,84.8,1.41,19.0,867.0,65.3,84.8,0.0
169,IBICOARA,144,0.0,144.0,38587.0,0.459,75.7,1.26,15.0,893.0,60.0,0.0,75.7
170,CAMAÇARI,265,265.0,0.0,78179.0,0.511,68.9,1.15,4.0,885.0,56.0,68.9,0.0
171,CAMAÇARI,299,299.0,0.0,88794.0,0.507,71.1,1.19,5.0,889.0,57.5,71.1,0.0
172,ITAMARAJU,182,0.0,182.0,41981.0,0.399,85.8,1.43,17.0,890.0,62.0,0.0,85.8
173,PARATINGA,190,190.0,0.0,42343.0,0.379,88.6,1.48,16.0,851.0,69.0,88.6,0.0
174,CANARANA,157,0.0,157.0,37522.0,0.422,78.7,1.31,12.0,848.0,62.0,0.0,78.7
175,SEBASTIÃO LARANJEIRAS,123,0.0,123.0,27053.0,0.386,83.7,1.4,18.0,869.0,64.0,0.0,83.7
176,BARRA DO MENDES,110,0.0,110.0,21351.0,0.352,84.3,1.41,21.0,884.0,67.0,0.0,84.3
177,PIRIPÁ,136,0.0,136.0,30688.0,0.395,86.6,1.44,18.0,895.0,65.0,0.0,86.6
178,SANTO AMARO,192,192.0,0.0,47403.0,0.442,77.6,1.29,18.0,885.0,62.0,77.6,0.0
179,JAGUARARI,89,0.0,89.0,19430.0,0.395,82.5,1.37,5.0,866.0,64.0,0.0,82.5
180,LAURO DE FREITAS,413,413.0,0.0,124612.0,0.528,65.2,1.09,4.0,858.0,54.0,65.2,0.0
181,PAULO AFONSO,173,173.0,0.0,41633.0,0.426,80.1,1.34,8.0,863.0,60.0,80.1,0.0
182,RIACHÃO DAS NEVES,72,0.0,72.0,15051.0,0.368,88.1,1.47,24.0,810.0,67.0,0.0,88.1
183,TEIXEIRA DE FREITAS,303,0.0,303.0,81177.0,0.461,72.7,1.21,3.0,879.0,55.5,0.0,72.7
184,SÃO FELIPE,116,0.0,116.0,26815.0,0.42,79.0,1.32,18.0,894.0,60.8,0.0,79.0
185,MATA DE SÃO JOÃO,148,0.0,148.0,38506.0,0.469,74.5,1.24,9.0,842.0,59.0,0.0,74.5
186,DIAS D'ÁVILA,169,169.0,0.0,40788.0,0.439,73.2,1.22,16.0,870.0,58.0,73.2,0.0
187,FORMOSA DO RIO PRETO,72,0.0,72.0,16567.0,0.423,78.7,1.31,9.0,860.0,62.0,0.0,78.7
188,ITAPEBI,138,0.0,138.0,31540.0,0.415,82.6,1.38,17.0,897.0,62.0,0.0,82.6
189,ITABELA,128,0.0,128.0,28312.0,0.398,89.4,1.49,17.0,884.0,65.0,0.0,89.4
190,SERRA DOURADA,119,119.0,0.0,26804.0,0.392,89.6,1.49,16.0,749.0,69.5,89.6,0.0
191,CAPIM GROSSO,152,0.0,152.0,38011.0,0.438,81.5,1.36,17.0,880.0,61.0,0.0,81.5
192,AMÉLIA RODRIGUES,144,144.0,0.0,38945.0,0.462,77.9,1.3,20.0,888.0,62.0,77.9,0.0
193,IAÇU,135,0.0,135.0,29024.0,0.382,85.9,1.43,17.0,887.0,64.0,0.0,85.9
195,PILÃO ARCADO,121,0.0,121.0,23189.0,0.337,91.4,1.52,21.0,890.0,71.5,0.0,91.4
196,RETIROLÂNDIA,109,0.0,109.0,25154.0,0.41,82.5,1.37,17.0,794.0,62.0,0.0,82.5
197,WENCESLAU GUIMARÃES,156,156.0,0.0,39577.0,0.432,89.3,1.49,22.0,891.0,69.0,89.3,0.0
198,ITACARÉ,121,0.0,121.0,28505.0,0.418,82.9,1.38,18.0,873.0,63.0,0.0,82.9
199,AMÉRICA DOURADA,101,0.0,101.0,26478.0,0.454,78.7,1.31,9.0,826.0,61.0,0.0,78.7
200,POJUCA,118,0.0,118.0,31520.0,0.481,72.1,1.2,11.0,895.0,55.0,0.0,72.1
201,ITAMBÉ,88,0.0,88.0,18725.0,0.388,82.1,1.37,11.0,874.0,62.0,0.0,82.1
202,SANTO ANTÔNIO DE JESUS,170,0.0,170.0,43262.0,0.46,70.7,1.18,18.0,779.0,55.0,0.0,70.7
203,EUNÁPOLIS,177,0.0,177.0,43825.0,0.452,72.0,1.2,6.0,865.0,54.0,0.0,72.0
205,LUÍS EDUARDO MAGALHÃES,241,0.0,241.0,63930.0,0.481,65.9,1.1,17.0,879.0,53.0,0.0,65.9
